mock/100249376_00010_1-730_1632.jpg,293,87,360,122,U+56DB
mock/100249376_00010_1-730_1632.jpg,288,20,360,87,U+767E
mock/100249376_00010_1-730_1632.jpg,272,151,389,243,U+3057
mock/100249376_00010_1-730_1632.jpg,281,254,392,370,U+308B
mock/100249376_00010_1-730_1632.jpg,257,376,382,496,U+98F4
mock/100249376_00010_1-1095_2040.jpg,355,271,448,347,U+3084
mock/100249376_00010_1-1095_2040.jpg,384,172,424,277,U+308A
mock/100249376_00010_1-1095_2040.jpg,333,59,464,175,U+306D
mock/100249376_00010_1-1095_2040.jpg,111,138,208,266,U+65B9
mock/100249376_00010_1-1095_2040.jpg,381,349,416,486,U+3046
mock/100249376_00010_1-730_816.jpg,238,388,367,480,U+306E
mock/100249376_00010_1-730_816.jpg,248,95,375,188,U+4EBA
mock/100249376_00010_1-730_816.jpg,269,278,357,389,U+3081
mock/100249376_00010_1-730_816.jpg,20,79,160,191,U+98F4
mock/100249376_00010_1-730_816.jpg,38,192,150,313,U+306E
mock/100249376_00010_1-730_816.jpg,28,314,149,435,U+65B9
mock/100249376_00010_1-730_816.jpg,272,175,357,306,U+3042
mock/100249376_00010_1-365_408.jpg,425,297,502,342,U+4E94
mock/100249376_00010_1-365_408.jpg,433,232,501,296,U+767E
mock/100249376_00010_1-365_408.jpg,425,378,506,471,U+767D
mock/100249376_00010_1-1460_816.jpg,177,392,309,500,U+306E
mock/100249376_00010_1-1460_816.jpg,163,31,287,148,U+3084
mock/100249376_00010_1-1460_816.jpg,206,151,253,270,U+3082
mock/100249376_00010_1-1460_816.jpg,205,270,278,405,U+3061
mock/100249376_00010_1-1095_1632.jpg,148,91,211,123,U+4E8C
mock/100249376_00010_1-1095_1632.jpg,144,27,208,88,U+767E
mock/100249376_00010_1-1095_1632.jpg,351,18,426,91,U+767E
mock/100249376_00010_1-1095_1632.jpg,335,372,455,463,U+306E
mock/100249376_00010_1-1095_1632.jpg,349,142,442,243,U+3042
mock/100249376_00010_1-1095_1632.jpg,99,288,228,409,U+98F4
mock/100249376_00010_1-1095_1632.jpg,349,244,456,371,U+3081
mock/100249376_00010_1-1095_1632.jpg,111,154,215,282,U+5510
mock/100249376_00010_1-1095_408.jpg,131,303,191,316,U+4E00
mock/100249376_00010_1-1095_408.jpg,332,264,409,305,U+5341
mock/100249376_00010_1-1095_408.jpg,343,301,415,345,U+4E5D
mock/100249376_00010_1-1095_408.jpg,335,232,422,280,U+4E5D
mock/100249376_00010_1-1095_408.jpg,127,228,192,287,U+767E
mock/100249376_00010_1-1095_408.jpg,323,358,432,463,U+305F
mock/100249376_00010_1-1095_408.jpg,73,382,209,499,U+98F4
mock/100249376_00010_1-1095_816.jpg,348,182,411,249,U+3053
mock/100249376_00010_1-1095_816.jpg,353,376,417,485,U+3061
mock/100249376_00010_1-1095_816.jpg,93,99,201,211,U+306E
mock/100249376_00010_1-1095_816.jpg,351,256,402,375,U+3082
mock/100249376_00010_1-1095_816.jpg,111,214,182,341,U+65B9
mock/100249376_00010_1-1095_816.jpg,341,34,404,179,U+307E
mock/100249376_00010_1-730_2040.jpg,276,78,397,175,U+306E
mock/100249376_00010_1-730_2040.jpg,277,166,368,281,U+65B9
mock/100249376_00010_1-1460_408.jpg,193,256,260,292,U+5341
mock/100249376_00010_1-1460_408.jpg,189,229,269,268,U+4E5D
mock/100249376_00010_1-1460_408.jpg,187,293,252,333,U+4E03
mock/100249376_00010_1-1460_408.jpg,209,367,246,436,U+304B
mock/100249376_00010_1-1095_1224.jpg,144,435,208,496,U+767E
mock/100249376_00010_1-1095_1224.jpg,351,426,426,499,U+767E
mock/100249376_00010_1-1095_1224.jpg,327,79,431,164,U+306E
mock/100249376_00010_1-1095_1224.jpg,329,160,416,263,U+65B9
mock/100249376_00010_1-1460_1632.jpg,205,50,272,90,U+5341
mock/100249376_00010_1-1460_1632.jpg,206,88,287,128,U+516B
mock/100249376_00010_1-1460_1632.jpg,207,22,286,63,U+4E5D
mock/100249376_00010_1-1460_1632.jpg,207,152,266,281,U+304F
mock/100249376_00010_1-1460_1632.jpg,211,286,266,422,U+3059
mock/100249376_00010_1-1460_2040.jpg,202,285,291,360,U+306E
mock/100249376_00010_1-1460_2040.jpg,19,172,59,277,U+308A
mock/100249376_00010_1-1460_2040.jpg,187,358,280,473,U+65B9
mock/100249376_00010_1-1460_2040.jpg,179,15,302,135,U+3084
mock/100249376_00010_1-1460_2040.jpg,211,142,275,270,U+304D
mock/100249376_00010_1-1460_2040.jpg,16,349,51,486,U+3046
mock/100249376_00010_1-730_1224.jpg,288,428,360,495,U+767E
mock/100249376_00010_1-730_1224.jpg,276,74,345,181,U+65B9
mock/100249376_00010_1-730_408.jpg,276,300,344,337,U+4E09
mock/100249376_00010_1-730_408.jpg,60,297,137,342,U+4E94
mock/100249376_00010_1-730_408.jpg,268,239,337,300,U+767E
mock/100249376_00010_1-730_408.jpg,68,232,136,296,U+767E
mock/100249376_00010_1-730_408.jpg,60,378,141,471,U+767D
mock/100249376_00010_1-730_408.jpg,242,375,347,499,U+5510
mock/100249376_00010_1-1460_1224.jpg,205,458,272,498,U+5341
mock/100249376_00010_1-1460_1224.jpg,207,430,286,471,U+4E5D
mock/100249376_00010_1-1460_1224.jpg,185,86,269,206,U+65B9
mock/100249416_00022_2-307_2324.jpg,66,295,123,384,U+307E
mock/100249416_00022_2-307_2324.jpg,41,394,168,485,U+305C
mock/100249416_00022_2-307_2324.jpg,80,187,121,291,U+308A
mock/100249416_00022_2-307_2324.jpg,80,77,128,192,U+3059
mock/100249416_00022_2-921_996.jpg,103,155,195,227,U+306B
mock/100249416_00022_2-921_996.jpg,271,354,352,463,U+3042
mock/100249416_00022_2-921_996.jpg,111,375,187,491,U+3092
mock/100249416_00022_2-921_996.jpg,131,18,194,135,U+4E0B
mock/100249416_00022_2-921_996.jpg,114,258,189,375,U+706B
mock/100249416_00022_2-921_996.jpg,299,231,338,352,U+308A
mock/100249416_00022_2-921_996.jpg,269,100,361,225,U+306D
mock/100249416_00022_2-1535_1660.jpg,8,424,81,484,U+4E09
mock/100249416_00022_2-1535_1660.jpg,163,383,228,459,U+306E
mock/100249416_00022_2-1535_1660.jpg,179,19,227,99,U+308B
mock/100249416_00022_2-1535_1660.jpg,15,316,72,401,U+5341
mock/100249416_00022_2-1535_1660.jpg,196,111,207,226,U+3057
mock/100249416_00022_2-1535_1660.jpg,157,228,238,376,U+7C73
mock/100249416_00022_2-614_0.jpg,86,381,174,397,U+4E00
mock/100249416_00022_2-614_1660.jpg,121,312,180,355,U+4E8C
mock/100249416_00022_2-614_1660.jpg,241,16,332,96,U+3090
mock/100249416_00022_2-614_1660.jpg,129,372,178,461,U+767E
mock/100249416_00022_2-614_1660.jpg,416,148,499,244,U+306B
mock/100249416_00022_2-614_1660.jpg,406,275,497,376,U+3084
mock/100249416_00022_2-614_1660.jpg,279,98,316,206,U+3089
mock/100249416_00022_2-614_1660.jpg,438,382,470,498,U+304F
mock/100249416_00022_2-614_1660.jpg,103,111,138,251,U+3046
mock/100249416_00022_2-614_664.jpg,109,352,172,367,U+4E00
mock/100249416_00022_2-614_664.jpg,109,96,160,151,U+306E
mock/100249416_00022_2-614_664.jpg,436,81,484,140,U+306E
mock/100249416_00022_2-614_664.jpg,397,283,496,343,U+3078
mock/100249416_00022_2-614_664.jpg,258,412,329,497,U+5B50
mock/100249416_00022_2-614_664.jpg,259,302,351,403,U+7389
mock/100249416_00022_2-614_664.jpg,438,350,501,467,U+4E0B
mock/100249416_00022_2-614_664.jpg,83,168,175,291,U+7C89
mock/100249416_00022_2-614_664.jpg,234,163,361,288,U+25CB
mock/100249416_00022_2-614_664.jpg,436,154,476,282,U+3046
mock/100249416_00022_2-307_332.jpg,237,59,305,74,U+4E00
mock/100249416_00022_2-307_332.jpg,393,49,481,65,U+4E00
mock/100249416_00022_2-307_332.jpg,416,428,467,483,U+306E
mock/100249416_00022_2-307_332.jpg,406,244,494,319,U+3069
mock/100249416_00022_2-307_332.jpg,374,321,481,432,U+3093
mock/100249416_00022_2-307_332.jpg,417,123,457,236,U+3046
mock/100249416_00022_2-307_332.jpg,52,264,141,413,U+53F3
mock/100249416_00022_2-307_332.jpg,233,116,297,275,U+9577
mock/100249416_00022_2-0_1660.jpg,379,218,446,283,U+306E
mock/100249416_00022_2-0_1660.jpg,391,292,432,375,U+3053
mock/100249416_00022_2-0_1660.jpg,371,106,474,198,U+3093
mock/100249416_00022_2-0_1660.jpg,407,4,468,99,U+3069
mock/100249416_00022_2-0_1660.jpg,224,199,267,303,U+3088
mock/100249416_00022_2-0_1660.jpg,359,388,471,493,U+7802
mock/100249416_00022_2-0_1660.jpg,220,307,265,415,U+308A
mock/100249416_00022_2-0_1660.jpg,209,72,280,188,U+4E0B
mock/100249416_00022_2-921_1992.jpg,279,136,346,216,U+306E
mock/100249416_00022_2-921_1992.jpg,258,324,381,408,U+3076
mock/100249416_00022_2-921_1992.jpg,265,228,348,321,U+3042
mock/100249416_00022_2-921_1992.jpg,285,406,337,507,U+3089
mock/100249416_00022_2-921_1992.jpg,273,16,353,127,U+307E
mock/100249416_00022_2-921_1992.jpg,131,50,163,166,U+304F
mock/100249416_00022_2-921_1992.jpg,107,175,211,300,U+3079
mock/100249416_00022_2-921_1992.jpg,141,310,164,490,U+3057
mock/100249416_00022_2-1228_1328.jpg,306,159,373,175,U+4E00
mock/100249416_00022_2-1228_1328.jpg,311,226,387,335,U+7389
mock/100249416_00022_2-0_664.jpg,385,219,456,270,U+306E
mock/100249416_00022_2-0_664.jpg,233,182,265,238,U+304B
mock/100249416_00022_2-0_664.jpg,387,298,452,354,U+3044
mock/100249416_00022_2-0_664.jpg,215,100,282,160,U+306E
mock/100249416_00022_2-0_664.jpg,209,371,270,451,U+3066
mock/100249416_00022_2-0_664.jpg,392,356,452,465,U+3082
mock/100249416_00022_2-0_664.jpg,209,250,288,370,U+3059
mock/100249416_00022_2-0_664.jpg,377,81,473,204,U+5C71
mock/100249416_00022_2-921_1660.jpg,298,131,347,223,U+306B
mock/100249416_00022_2-921_1660.jpg,109,148,192,244,U+306B
mock/100249416_00022_2-921_1660.jpg,99,275,190,376,U+3084
mock/100249416_00022_2-921_1660.jpg,277,243,368,347,U+3054
mock/100249416_00022_2-921_1660.jpg,273,348,353,459,U+307E
mock/100249416_00022_2-921_1660.jpg,131,382,163,498,U+304F
mock/100249416_00022_2-1535_996.jpg,180,38,239,50,U+4E00
mock/100249416_00022_2-1535_996.jpg,23,31,88,44,U+4E00
mock/100249416_00022_2-1535_996.jpg,28,91,92,202,U+65A4
mock/100249416_00022_2-1535_996.jpg,184,91,256,231,U+5347
mock/100249416_00022_2-1228_996.jpg,330,31,395,44,U+4E00
mock/100249416_00022_2-1228_996.jpg,306,491,373,507,U+4E00
mock/100249416_00022_2-1228_996.jpg,167,111,219,170,U+3064
mock/100249416_00022_2-1228_996.jpg,190,19,207,102,U+3068
mock/100249416_00022_2-1228_996.jpg,335,91,399,202,U+65A4
mock/100249416_00022_2-307_2656.jpg,41,62,168,153,U+305C
mock/100249416_00022_2-307_1992.jpg,57,327,153,402,U+306B
mock/100249416_00022_2-307_1992.jpg,436,159,481,248,U+76EE
mock/100249416_00022_2-307_1992.jpg,436,40,485,129,U+767E
mock/100249416_00022_2-307_1992.jpg,52,56,164,161,U+7802
mock/100249416_00022_2-307_1992.jpg,57,164,149,321,U+7CD6
mock/100249416_00022_2-1535_664.jpg,180,370,239,382,U+4E00
mock/100249416_00022_2-1535_664.jpg,23,363,88,376,U+4E00
mock/100249416_00022_2-1535_664.jpg,163,59,234,119,U+306E
mock/100249416_00022_2-1535_664.jpg,148,140,257,279,U+7C89
mock/100249416_00022_2-0_332.jpg,215,432,282,492,U+306E
mock/100249416_00022_2-0_332.jpg,359,264,448,413,U+53F3
mock/100249416_00022_2-0_332.jpg,207,263,290,428,U+5E38
mock/100249416_00022_2-307_1660.jpg,428,312,487,355,U+4E8C
mock/100249416_00022_2-307_1660.jpg,72,218,139,283,U+306E
mock/100249416_00022_2-307_1660.jpg,84,292,125,375,U+3053
mock/100249416_00022_2-307_1660.jpg,436,372,485,461,U+767E
mock/100249416_00022_2-307_1660.jpg,64,106,167,198,U+3093
mock/100249416_00022_2-307_1660.jpg,100,4,161,99,U+3069
mock/100249416_00022_2-307_1660.jpg,52,388,164,493,U+7802
mock/100249416_00022_2-307_1660.jpg,410,111,445,251,U+3046
mock/100249416_00022_2-307_996.jpg,416,20,479,35,U+4E00
mock/100249416_00022_2-307_996.jpg,390,486,466,501,U+4E00
mock/100249416_00022_2-307_996.jpg,424,208,480,267,U+4E94
mock/100249416_00022_2-307_996.jpg,68,126,141,210,U+3092
mock/100249416_00022_2-307_996.jpg,68,216,153,300,U+304A
mock/100249416_00022_2-307_996.jpg,408,275,497,360,U+5408
mock/100249416_00022_2-307_996.jpg,78,314,145,403,U+308D
mock/100249416_00022_2-307_996.jpg,240,55,331,156,U+672C
mock/100249416_00022_2-307_996.jpg,85,24,145,133,U+3082
mock/100249416_00022_2-307_996.jpg,417,58,494,199,U+5347
mock/100249416_00022_2-0_2656.jpg,348,62,475,153,U+305C
mock/100249416_00022_2-1535_2324.jpg,176,26,235,129,U+52FA
mock/100249416_00022_2-1535_1992.jpg,8,92,81,152,U+4E09
mock/100249416_00022_2-1535_1992.jpg,163,51,228,127,U+306E
mock/100249416_00022_2-1535_1992.jpg,180,263,251,351,U+4E94
mock/100249416_00022_2-1535_1992.jpg,165,128,218,228,U+3053
mock/100249416_00022_2-1535_1992.jpg,176,358,235,461,U+52FA
mock/100249416_00022_2-921_664.jpg,129,81,177,140,U+306E
mock/100249416_00022_2-921_664.jpg,90,283,189,343,U+3078
mock/100249416_00022_2-921_664.jpg,263,73,354,164,U+4E94
mock/100249416_00022_2-921_664.jpg,486,85,509,188,U+306B
mock/100249416_00022_2-921_664.jpg,271,190,360,301,U+54C1
mock/100249416_00022_2-921_664.jpg,293,303,352,419,U+3092
mock/100249416_00022_2-921_664.jpg,131,350,194,467,U+4E0B
mock/100249416_00022_2-921_664.jpg,129,154,169,282,U+3046
mock/100249416_00022_2-921_1328.jpg,274,132,346,207,U+306F
mock/100249416_00022_2-921_1328.jpg,258,216,358,301,U+305B
mock/100249416_00022_2-921_1328.jpg,271,22,352,131,U+3042
mock/100249416_00022_2-921_1328.jpg,111,43,187,159,U+3092
mock/100249416_00022_2-921_1328.jpg,263,322,367,462,U+934B
mock/100249416_00022_2-921_1328.jpg,103,160,203,305,U+7F6E
mock/100249416_00022_2-921_1328.jpg,105,316,192,475,U+6025
mock/100249416_00022_2-614_996.jpg,109,20,172,35,U+4E00
mock/100249416_00022_2-614_996.jpg,83,486,159,501,U+4E00
mock/100249416_00022_2-614_996.jpg,270,450,306,501,U+304B
mock/100249416_00022_2-614_996.jpg,117,208,173,267,U+4E94
mock/100249416_00022_2-614_996.jpg,410,155,502,227,U+306B
mock/100249416_00022_2-614_996.jpg,225,175,337,248,U+5165
mock/100249416_00022_2-614_996.jpg,258,80,329,165,U+5B50
mock/100249416_00022_2-614_996.jpg,101,275,190,360,U+5408
mock/100249416_00022_2-614_996.jpg,270,247,313,336,U+3089
mock/100249416_00022_2-614_996.jpg,261,331,345,443,U+305A
mock/100249416_00022_2-614_996.jpg,418,375,494,491,U+3092
mock/100249416_00022_2-614_996.jpg,438,18,501,135,U+4E0B
mock/100249416_00022_2-614_996.jpg,421,258,496,375,U+706B
mock/100249416_00022_2-614_996.jpg,110,58,187,199,U+5347
mock/100249416_00022_2-1535_332.jpg,163,57,242,70,U+4E00
mock/100249416_00022_2-1535_332.jpg,163,391,234,451,U+306E
mock/100249416_00022_2-1535_332.jpg,152,117,251,192,U+5C0F
mock/100249416_00022_2-1535_332.jpg,164,227,237,375,U+9EA6
mock/100249416_00022_2-0_996.jpg,208,307,273,383,U+306E
mock/100249416_00022_2-0_996.jpg,209,39,270,119,U+3066
mock/100249416_00022_2-0_996.jpg,375,126,448,210,U+3092
mock/100249416_00022_2-0_996.jpg,375,216,460,300,U+304A
mock/100249416_00022_2-0_996.jpg,237,214,268,301,U+3089
mock/100249416_00022_2-0_996.jpg,213,123,284,211,U+3090
mock/100249416_00022_2-0_996.jpg,197,390,285,478,U+5982
mock/100249416_00022_2-0_996.jpg,385,314,452,403,U+308D
mock/100249416_00022_2-0_996.jpg,392,24,452,133,U+3082
mock/100249416_00022_2-1228_0.jpg,287,387,366,402,U+4E00
mock/100249416_00022_2-1228_0.jpg,123,383,208,399,U+4E00
mock/100249416_00022_2-307_1328.jpg,390,154,466,169,U+4E00
mock/100249416_00022_2-307_1328.jpg,100,336,161,431,U+3069
mock/100249416_00022_2-307_1328.jpg,89,223,121,330,U+3046
mock/100249416_00022_2-307_1328.jpg,398,222,451,330,U+3055
mock/100249416_00022_2-307_1328.jpg,412,330,445,439,U+3068
mock/100249416_00022_2-307_1328.jpg,104,74,121,209,U+3057
mock/100249416_00022_2-614_1992.jpg,129,159,174,248,U+76EE
mock/100249416_00022_2-614_1992.jpg,129,40,178,129,U+767E
mock/100249416_00022_2-614_1992.jpg,438,50,470,166,U+304F
mock/100249416_00022_2-614_1992.jpg,448,310,471,490,U+3057
mock/100249416_00022_2-921_2656.jpg,275,81,343,162,U+3066
mock/100249416_00022_2-1535_1328.jpg,161,166,246,182,U+4E00
mock/100249416_00022_2-1535_1328.jpg,179,351,227,431,U+308B
mock/100249416_00022_2-1535_1328.jpg,4,226,80,335,U+7389
mock/100249416_00022_2-1535_1328.jpg,184,220,216,352,U+3046
mock/100249416_00022_2-921_332.jpg,129,413,177,472,U+306E
mock/100249416_00022_2-921_332.jpg,263,405,354,496,U+4E94
mock/100249416_00022_2-921_332.jpg,250,256,346,401,U+53F3
mock/100249416_00022_2-921_332.jpg,103,265,215,410,U+934B
mock/100249416_00022_2-921_2324.jpg,275,413,343,494,U+3066
mock/100249416_00022_2-921_2324.jpg,259,182,355,269,U+3092
mock/100249416_00022_2-921_2324.jpg,285,74,337,175,U+3089
mock/100249416_00022_2-921_2324.jpg,259,271,354,400,U+5F15
mock/100249416_00022_2-1535_0.jpg,163,389,242,402,U+4E00
mock/100249416_00022_2-1228_332.jpg,287,55,366,70,U+4E00
mock/100249416_00022_2-1228_332.jpg,123,51,208,67,U+4E00
mock/100249416_00022_2-1228_332.jpg,156,292,216,412,U+676F
mock/100249416_00022_2-1228_332.jpg,134,124,222,245,U+9152
mock/100249416_00022_2-1228_332.jpg,287,123,391,252,U+7802
mock/100249416_00022_2-1228_332.jpg,290,313,386,489,U+7CD6
mock/100249416_00022_2-1228_664.jpg,330,363,395,376,U+4E00
mock/100249416_00022_2-1228_664.jpg,167,443,219,502,U+3064
mock/100249416_00022_2-1228_664.jpg,158,287,225,352,U+3072
mock/100249416_00022_2-1228_664.jpg,164,195,211,276,U+3066
mock/100249416_00022_2-1228_664.jpg,190,351,207,434,U+3068
mock/100249416_00022_2-1228_664.jpg,179,85,202,188,U+306B
mock/100249416_00022_2-0_1992.jpg,364,327,460,402,U+306B
mock/100249416_00022_2-0_1992.jpg,359,56,471,161,U+7802
mock/100249416_00022_2-0_1992.jpg,220,386,265,502,U+308A
mock/100249416_00022_2-0_1992.jpg,208,251,279,388,U+306A
mock/100249416_00022_2-0_1992.jpg,197,88,290,239,U+713C
mock/100249416_00022_2-0_1992.jpg,364,164,456,321,U+7CD6
mock/100249416_00022_2-0_1328.jpg,197,58,285,146,U+5982
mock/100249416_00022_2-0_1328.jpg,407,336,468,431,U+3069
mock/100249416_00022_2-0_1328.jpg,396,223,428,330,U+3046
mock/100249416_00022_2-0_1328.jpg,224,146,259,259,U+304F
mock/100249416_00022_2-0_1328.jpg,197,276,278,395,U+4E0A
mock/100249416_00022_2-0_1328.jpg,411,74,428,209,U+3057
mock/100249416_00022_2-614_1328.jpg,83,154,159,169,U+4E00
mock/100249416_00022_2-614_1328.jpg,270,118,306,169,U+304B
mock/100249416_00022_2-614_1328.jpg,241,287,309,347,U+3066
mock/100249416_00022_2-614_1328.jpg,241,348,332,428,U+3090
mock/100249416_00022_2-614_1328.jpg,91,222,144,330,U+3055
mock/100249416_00022_2-614_1328.jpg,105,330,138,439,U+3068
mock/100249416_00022_2-614_1328.jpg,257,170,310,282,U+3059
mock/100249416_00022_2-614_1328.jpg,418,43,494,159,U+3092
mock/100249416_00022_2-614_1328.jpg,410,160,510,305,U+7F6E
mock/100249416_00022_2-614_1328.jpg,412,316,499,475,U+6025
mock/100249416_00022_2-614_332.jpg,86,49,174,65,U+4E00
mock/100249416_00022_2-614_332.jpg,109,428,160,483,U+306E
mock/100249416_00022_2-614_332.jpg,436,413,484,472,U+306E
mock/100249416_00022_2-614_332.jpg,99,244,187,319,U+3069
mock/100249416_00022_2-614_332.jpg,67,321,174,432,U+3093
mock/100249416_00022_2-614_332.jpg,110,123,150,236,U+3046
mock/100249416_00022_2-307_664.jpg,416,352,479,367,U+4E00
mock/100249416_00022_2-307_664.jpg,78,219,149,270,U+306E
mock/100249416_00022_2-307_664.jpg,416,96,467,151,U+306E
mock/100249416_00022_2-307_664.jpg,80,298,145,354,U+3044
mock/100249416_00022_2-307_664.jpg,244,308,313,372,U+4E09
mock/100249416_00022_2-307_664.jpg,240,387,331,488,U+672C
mock/100249416_00022_2-307_664.jpg,85,356,145,465,U+3082
mock/100249416_00022_2-307_664.jpg,390,168,482,291,U+7C89
mock/100249416_00022_2-307_664.jpg,70,81,166,204,U+5C71
mock/100249416_00022_2-307_664.jpg,228,48,311,211,U+828B
mock/100249416_00022_2-1228_1660.jpg,315,424,388,484,U+4E09
mock/100249416_00022_2-1228_1660.jpg,322,316,379,401,U+5341
mock/100249416_00022_2-1228_1660.jpg,304,102,375,226,U+5B50
mock/100249416_00022_2-1228_1992.jpg,315,92,388,152,U+4E09
mock/100249416_00022_2-307_0.jpg,237,391,305,406,U+4E00
mock/100249416_00022_2-307_0.jpg,393,381,481,397,U+4E00
mock/100249416_00022_2-0_2324.jpg,373,295,430,384,U+307E
mock/100249416_00022_2-0_2324.jpg,348,394,475,485,U+305C
mock/100249416_00022_2-0_2324.jpg,387,187,428,291,U+308A
mock/100249416_00022_2-0_2324.jpg,387,77,435,192,U+3059
mock/100249416_00022_2-0_2324.jpg,220,54,265,170,U+308A
