filename,xmin,ymin,xmax,ymax,class
mock/100249537_00007_1-850_2038.jpg,634,48,751,114,symbol
mock/100249537_00007_1-850_2038.jpg,624,217,704,296,symbol
mock/100249537_00007_1-850_2038.jpg,644,122,728,212,symbol
mock/100249537_00007_1-850_2038.jpg,649,297,711,393,symbol
mock/100249537_00007_1-850_2038.jpg,32,30,115,126,symbol
mock/100249537_00007_1-850_2038.jpg,350,34,444,151,symbol
mock/100249537_00007_1-850_2038.jpg,46,133,108,271,symbol
mock/100249537_00007_1-0_0.jpg,229,851,401,993,symbol
mock/100249537_00007_1-0_2038.jpg,579,120,656,199,symbol
mock/100249537_00007_1-0_2038.jpg,564,195,647,278,symbol
mock/100249537_00007_1-0_2038.jpg,579,21,685,109,symbol
mock/100249537_00007_1-0_2038.jpg,882,30,965,126,symbol
mock/100249537_00007_1-0_2038.jpg,581,276,652,381,symbol
mock/100249537_00007_1-0_2038.jpg,259,4,348,117,symbol
mock/100249537_00007_1-0_2038.jpg,896,133,958,271,symbol
mock/100249537_00007_1-0_1019.jpg,543,106,699,262,symbol
mock/100249537_00007_1-0_1019.jpg,575,280,657,438,symbol
mock/100249537_00007_1-0_1019.jpg,867,65,964,239,symbol
mock/100249537_00007_1-0_1019.jpg,858,269,1008,469,symbol
mock/100249537_00007_1-0_1019.jpg,230,73,396,287,symbol
mock/100249537_00007_1-850_1019.jpg,612,31,768,187,symbol
mock/100249537_00007_1-850_1019.jpg,17,65,114,239,symbol
mock/100249537_00007_1-850_1019.jpg,298,282,477,458,symbol
mock/100249537_00007_1-850_1019.jpg,293,73,455,257,symbol
mock/100249537_00007_1-850_1019.jpg,637,202,747,398,symbol
mock/100249537_00007_1-850_1019.jpg,8,269,158,469,symbol
mock/100249537_00007_1-850_1019.jpg,618,402,754,614,symbol
mock/100249537_00009_2-870_2014.jpg,8,339,113,432,symbol
mock/100249537_00009_2-870_2014.jpg,31,647,85,748,symbol
mock/100249537_00009_2-870_2014.jpg,186,642,277,743,symbol
mock/100249537_00009_2-870_2014.jpg,13,194,107,299,symbol
mock/100249537_00009_2-870_2014.jpg,173,185,306,293,symbol
mock/100249537_00009_2-870_2014.jpg,196,411,288,521,symbol
mock/100249537_00009_2-870_2014.jpg,25,61,97,192,symbol
mock/100249537_00009_2-870_2014.jpg,169,515,276,652,symbol
mock/100249537_00009_2-870_2014.jpg,163,46,266,184,symbol
mock/100249537_00009_2-870_2014.jpg,180,267,304,405,symbol
mock/100249537_00009_2-870_2014.jpg,9,459,118,634,symbol
mock/100249537_00009_2-0_0.jpg,555,974,659,1021,symbol
mock/100249537_00009_2-0_0.jpg,529,875,652,965,symbol
mock/100249537_00009_2-0_0.jpg,728,653,781,756,symbol
mock/100249537_00009_2-0_0.jpg,551,741,638,852,symbol
mock/100249537_00009_2-0_0.jpg,732,900,780,1016,symbol
mock/100249537_00009_2-0_0.jpg,710,765,809,881,symbol
mock/100249537_00009_2-0_0.jpg,727,538,795,656,symbol
mock/100249537_00009_2-0_0.jpg,905,547,983,711,symbol
mock/100249537_00009_2-0_0.jpg,893,735,985,925,symbol
mock/100249537_00009_2-0_0.jpg,536,540,644,742,symbol
mock/100249537_00009_2-870_0.jpg,201,864,288,973,symbol
mock/100249537_00009_2-870_0.jpg,175,701,317,835,symbol
mock/100249537_00009_2-870_0.jpg,204,547,284,686,symbol
mock/100249537_00009_2-870_0.jpg,696,767,842,912,symbol
mock/100249537_00009_2-870_0.jpg,35,547,113,711,symbol
mock/100249537_00009_2-870_0.jpg,23,735,115,925,symbol
mock/100249537_00009_2-870_0.jpg,690,567,850,764,symbol
mock/100249537_00009_2-870_1007.jpg,703,851,832,876,symbol
mock/100249537_00009_2-870_1007.jpg,189,197,309,272,symbol
mock/100249537_00009_2-870_1007.jpg,19,343,114,419,symbol
mock/100249537_00009_2-870_1007.jpg,196,102,302,180,symbol
mock/100249537_00009_2-870_1007.jpg,190,654,290,749,symbol
mock/100249537_00009_2-870_1007.jpg,203,284,286,388,symbol
mock/100249537_00009_2-870_1007.jpg,16,526,95,632,symbol
mock/100249537_00009_2-870_1007.jpg,73,430,107,537,symbol
mock/100249537_00009_2-870_1007.jpg,7,806,122,918,symbol
mock/100249537_00009_2-870_1007.jpg,199,766,287,885,symbol
mock/100249537_00009_2-870_1007.jpg,196,517,300,646,symbol
mock/100249537_00009_2-870_1007.jpg,3,203,141,334,symbol
mock/100249537_00009_2-870_1007.jpg,708,675,840,809,symbol
mock/100249537_00009_2-870_1007.jpg,703,102,841,244,symbol
mock/100249537_00009_2-870_1007.jpg,3,42,128,200,symbol
mock/100249537_00009_2-870_1007.jpg,226,353,251,514,symbol
mock/100249537_00009_2-870_1007.jpg,3,648,125,811,symbol
mock/100249537_00009_2-870_1007.jpg,441,240,588,419,symbol
mock/100249537_00009_2-870_1007.jpg,426,422,595,604,symbol
mock/100249537_00009_2-870_1007.jpg,705,475,842,661,symbol
mock/100249537_00009_2-870_1007.jpg,703,258,839,458,symbol
mock/100249537_00009_2-870_1007.jpg,436,31,588,242,symbol
mock/100249537_00009_2-0_2014.jpg,709,346,809,402,symbol
mock/100249537_00009_2-0_2014.jpg,534,450,656,512,symbol
mock/100249537_00009_2-0_2014.jpg,742,384,777,456,symbol
mock/100249537_00009_2-0_2014.jpg,698,101,802,185,symbol
mock/100249537_00009_2-0_2014.jpg,878,339,983,432,symbol
mock/100249537_00009_2-0_2014.jpg,901,647,955,748,symbol
mock/100249537_00009_2-0_2014.jpg,883,194,977,299,symbol
mock/100249537_00009_2-0_2014.jpg,704,479,796,587,symbol
mock/100249537_00009_2-0_2014.jpg,572,22,613,134,symbol
mock/100249537_00009_2-0_2014.jpg,531,149,651,261,symbol
mock/100249537_00009_2-0_2014.jpg,895,61,967,192,symbol
mock/100249537_00009_2-0_2014.jpg,701,194,837,331,symbol
mock/100249537_00009_2-0_2014.jpg,531,281,653,430,symbol
mock/100249537_00009_2-0_2014.jpg,879,459,988,634,symbol
mock/100249537_00009_2-0_2014.jpg,737,563,763,746,symbol
mock/100249537_00009_2-0_2014.jpg,565,494,597,710,symbol
mock/100249537_00009_2-0_1007.jpg,744,312,810,342,symbol
mock/100249537_00009_2-0_1007.jpg,889,343,984,419,symbol
mock/100249537_00009_2-0_1007.jpg,735,9,803,87,symbol
mock/100249537_00009_2-0_1007.jpg,520,650,644,742,symbol
mock/100249537_00009_2-0_1007.jpg,572,14,623,107,symbol
mock/100249537_00009_2-0_1007.jpg,690,575,820,669,symbol
mock/100249537_00009_2-0_1007.jpg,719,694,795,790,symbol
mock/100249537_00009_2-0_1007.jpg,738,340,776,444,symbol
mock/100249537_00009_2-0_1007.jpg,708,202,801,306,symbol
mock/100249537_00009_2-0_1007.jpg,886,526,965,632,symbol
mock/100249537_00009_2-0_1007.jpg,943,430,977,537,symbol
mock/100249537_00009_2-0_1007.jpg,877,806,992,918,symbol
mock/100249537_00009_2-0_1007.jpg,703,87,817,202,symbol
mock/100249537_00009_2-0_1007.jpg,537,240,637,358,symbol
mock/100249537_00009_2-0_1007.jpg,721,445,767,566,symbol
mock/100249537_00009_2-0_1007.jpg,572,339,627,465,symbol
mock/100249537_00009_2-0_1007.jpg,520,741,665,870,symbol
mock/100249537_00009_2-0_1007.jpg,559,103,611,233,symbol
mock/100249537_00009_2-0_1007.jpg,873,203,1011,334,symbol
mock/100249537_00009_2-0_1007.jpg,873,42,998,200,symbol
mock/100249537_00009_2-0_1007.jpg,873,648,995,811,symbol
mock/100249537_00009_2-0_1007.jpg,240,84,441,264,symbol
mock/100249537_00009_2-0_1007.jpg,701,807,811,991,symbol
mock/100249537_00009_2-0_1007.jpg,517,466,633,652,symbol
mock/100249537_00009_2-0_1007.jpg,254,317,408,529,symbol
mock/100249537_00015_2-0_0.jpg,152,659,262,712,symbol
mock/100249537_00015_2-0_0.jpg,318,537,426,610,symbol
mock/100249537_00015_2-0_0.jpg,351,614,400,697,symbol
mock/100249537_00015_2-0_0.jpg,173,536,257,628,symbol
mock/100249537_00015_2-0_0.jpg,188,714,244,823,symbol
mock/100249537_00015_2-0_0.jpg,168,846,257,956,symbol
mock/100249537_00015_2-0_0.jpg,355,683,401,804,symbol
mock/100249537_00015_2-0_0.jpg,356,800,404,923,symbol
mock/100249537_00015_2-0_0.jpg,494,531,608,660,symbol
mock/100249537_00015_2-0_0.jpg,511,834,594,976,symbol
mock/100249537_00015_2-0_0.jpg,486,678,616,829,symbol
mock/100249537_00015_2-0_1009.jpg,531,95,617,178,symbol
mock/100249537_00015_2-0_1009.jpg,510,301,616,390,symbol
mock/100249537_00015_2-0_1009.jpg,487,428,619,525,symbol
mock/100249537_00015_2-0_1009.jpg,528,179,577,281,symbol
mock/100249537_00015_2-0_1009.jpg,334,398,427,501,symbol
mock/100249537_00015_2-0_1009.jpg,328,24,427,128,symbol
mock/100249537_00015_2-0_1009.jpg,514,696,624,806,symbol
mock/100249537_00015_2-0_1009.jpg,334,137,437,254,symbol
mock/100249537_00015_2-0_1009.jpg,499,828,627,949,symbol
mock/100249537_00015_2-0_1009.jpg,321,271,450,403,symbol
mock/100249537_00015_2-0_1009.jpg,339,657,423,790,symbol
mock/100249537_00015_2-0_1009.jpg,303,802,454,935,symbol
mock/100249537_00015_2-0_1009.jpg,332,508,443,658,symbol
mock/100249537_00015_2-0_1009.jpg,745,145,907,297,symbol
mock/100249537_00015_2-0_1009.jpg,512,545,623,700,symbol
mock/100249537_00015_2-858_2018.jpg,331,73,475,167,symbol
mock/100249537_00015_2-858_2018.jpg,347,447,461,555,symbol
mock/100249537_00015_2-858_2018.jpg,410,169,445,284,symbol
mock/100249537_00015_2-858_2018.jpg,368,279,413,425,symbol
mock/100249537_00015_2-858_2018.jpg,384,578,410,763,symbol
mock/100249537_00015_2-858_0.jpg,196,647,242,728,symbol
mock/100249537_00015_2-858_0.jpg,207,532,245,616,symbol
mock/100249537_00015_2-858_0.jpg,385,862,425,955,symbol
mock/100249537_00015_2-858_0.jpg,161,902,281,1021,symbol
mock/100249537_00015_2-858_0.jpg,177,767,290,887,symbol
mock/100249537_00015_2-858_0.jpg,361,528,465,676,symbol
mock/100249537_00015_2-858_0.jpg,348,679,451,855,symbol
mock/100249537_00015_2-858_1009.jpg,211,181,236,241,symbol
mock/100249537_00015_2-858_1009.jpg,345,282,462,356,symbol
mock/100249537_00015_2-858_1009.jpg,344,875,456,958,symbol
mock/100249537_00015_2-858_1009.jpg,387,149,454,238,symbol
mock/100249537_00015_2-858_1009.jpg,336,368,463,462,symbol
mock/100249537_00015_2-858_1009.jpg,345,95,448,192,symbol
mock/100249537_00015_2-858_1009.jpg,355,617,443,717,symbol
mock/100249537_00015_2-858_1009.jpg,196,363,245,469,symbol
mock/100249537_00015_2-858_1009.jpg,193,253,278,362,symbol
mock/100249537_00015_2-858_1009.jpg,334,728,471,862,symbol
mock/100249537_00015_2-858_1009.jpg,162,32,281,170,symbol
mock/100249537_00015_2-858_1009.jpg,336,465,457,608,symbol
mock/100249537_00015_2-858_1009.jpg,624,221,731,383,symbol
mock/100249537_00015_2-858_1009.jpg,601,396,736,574,symbol
mock/100249537_00015_2-858_1009.jpg,576,37,758,242,symbol
mock/100249537_00015_2-0_2018.jpg,333,256,444,322,symbol
mock/100249537_00015_2-0_2018.jpg,515,233,635,304,symbol
mock/100249537_00015_2-0_2018.jpg,556,419,617,497,symbol
mock/100249537_00015_2-0_2018.jpg,335,584,436,669,symbol
mock/100249537_00015_2-0_2018.jpg,327,676,456,764,symbol
mock/100249537_00015_2-0_2018.jpg,550,317,586,428,symbol
mock/100249537_00015_2-0_2018.jpg,537,645,607,758,symbol
mock/100249537_00015_2-0_2018.jpg,523,97,611,215,symbol
mock/100249537_00015_2-0_2018.jpg,326,311,439,431,symbol
mock/100249537_00015_2-0_2018.jpg,510,512,633,637,symbol
mock/100249537_00015_2-0_2018.jpg,313,461,446,596,symbol
mock/100249537_00015_2-0_2018.jpg,311,79,437,226,symbol
mock/200003076_00084_2-1226_2128.jpg,469,675,515,704,symbol
mock/200003076_00084_2-1226_2128.jpg,474,599,512,652,symbol
mock/200003076_00084_2-1226_2128.jpg,319,602,356,660,symbol
mock/200003076_00084_2-1226_2128.jpg,806,249,867,318,symbol
mock/200003076_00084_2-1226_2128.jpg,420,503,537,580,symbol
mock/200003076_00084_2-1226_2128.jpg,811,12,863,93,symbol
mock/200003076_00084_2-1226_2128.jpg,269,311,364,402,symbol
mock/200003076_00084_2-1226_2128.jpg,783,540,869,636,symbol
mock/200003076_00084_2-1226_2128.jpg,320,384,364,486,symbol
mock/200003076_00084_2-1226_2128.jpg,143,274,222,376,symbol
mock/200003076_00084_2-1226_2128.jpg,272,498,372,601,symbol
mock/200003076_00084_2-1226_2128.jpg,602,277,718,383,symbol
mock/200003076_00084_2-1226_2128.jpg,803,426,854,536,symbol
mock/200003076_00084_2-1226_2128.jpg,471,136,545,247,symbol
mock/200003076_00084_2-1226_2128.jpg,451,372,525,484,symbol
mock/200003076_00084_2-1226_2128.jpg,465,253,532,366,symbol
mock/200003076_00084_2-1226_2128.jpg,787,323,859,436,symbol
mock/200003076_00084_2-1226_2128.jpg,305,189,357,307,symbol
mock/200003076_00084_2-1226_2128.jpg,135,383,226,507,symbol
mock/200003076_00084_2-1226_2128.jpg,118,640,250,764,symbol
mock/200003076_00084_2-1226_2128.jpg,817,637,878,763,symbol
mock/200003076_00084_2-1226_2128.jpg,137,513,207,639,symbol
mock/200003076_00084_2-1226_2128.jpg,328,657,342,784,symbol
mock/200003076_00084_2-1226_2128.jpg,638,140,709,269,symbol
mock/200003076_00084_2-1226_2128.jpg,796,100,868,249,symbol
mock/200003076_00084_2-1226_2128.jpg,630,581,699,760,symbol
mock/200003076_00084_2-1226_2128.jpg,113,54,230,251,symbol
mock/200003076_00084_2-1226_2128.jpg,628,385,723,590,symbol
mock/200003076_00084_2-1226_2128.jpg,437,553,527,767,symbol
mock/200003076_00084_2-0_1596.jpg,303,474,395,504,symbol
mock/200003076_00084_2-0_1596.jpg,615,851,782,918,symbol
mock/200003076_00084_2-0_1596.jpg,268,147,393,223,symbol
mock/200003076_00084_2-0_1596.jpg,656,54,760,144,symbol
mock/200003076_00084_2-0_1596.jpg,338,901,390,994,symbol
mock/200003076_00084_2-0_1596.jpg,308,806,393,900,symbol
mock/200003076_00084_2-0_1596.jpg,471,55,578,151,symbol
mock/200003076_00084_2-0_1596.jpg,311,340,386,437,symbol
mock/200003076_00084_2-0_1596.jpg,636,383,764,481,symbol
mock/200003076_00084_2-0_1596.jpg,665,259,765,360,symbol
mock/200003076_00084_2-0_1596.jpg,455,775,566,878,symbol
mock/200003076_00084_2-0_1596.jpg,841,741,954,844,symbol
mock/200003076_00084_2-0_1596.jpg,816,199,950,303,symbol
mock/200003076_00084_2-0_1596.jpg,457,655,554,760,symbol
mock/200003076_00084_2-0_1596.jpg,314,693,396,800,symbol
mock/200003076_00084_2-0_1596.jpg,801,853,948,961,symbol
mock/200003076_00084_2-0_1596.jpg,895,623,920,738,symbol
mock/200003076_00084_2-0_1596.jpg,279,573,416,690,symbol
mock/200003076_00084_2-0_1596.jpg,516,145,577,264,symbol
mock/200003076_00084_2-0_1596.jpg,314,217,348,338,symbol
mock/200003076_00084_2-0_1596.jpg,870,69,931,193,symbol
mock/200003076_00084_2-0_1596.jpg,696,128,761,256,symbol
mock/200003076_00084_2-0_1596.jpg,623,694,793,823,symbol
mock/200003076_00084_2-0_1596.jpg,474,880,562,1020,symbol
mock/200003076_00084_2-0_1596.jpg,838,323,958,475,symbol
mock/200003076_00084_2-0_1596.jpg,825,467,959,621,symbol
mock/200003076_00084_2-0_1596.jpg,465,283,561,447,symbol
mock/200003076_00084_2-0_1596.jpg,671,505,776,675,symbol
mock/200003076_00084_2-0_1596.jpg,510,448,530,640,symbol
mock/200003076_00084_2-1226_532.jpg,149,783,205,822,symbol
mock/200003076_00084_2-1226_532.jpg,324,177,391,219,symbol
mock/200003076_00084_2-1226_532.jpg,653,708,708,751,symbol
mock/200003076_00084_2-1226_532.jpg,633,538,727,605,symbol
mock/200003076_00084_2-1226_532.jpg,487,914,537,982,symbol
mock/200003076_00084_2-1226_532.jpg,457,195,575,266,symbol
mock/200003076_00084_2-1226_532.jpg,161,163,230,242,symbol
mock/200003076_00084_2-1226_532.jpg,628,41,726,121,symbol
mock/200003076_00084_2-1226_532.jpg,111,575,220,655,symbol
mock/200003076_00084_2-1226_532.jpg,814,661,880,747,symbol
mock/200003076_00084_2-1226_532.jpg,464,429,555,515,symbol
mock/200003076_00084_2-1226_532.jpg,594,366,738,455,symbol
mock/200003076_00084_2-1226_532.jpg,809,67,882,157,symbol
mock/200003076_00084_2-1226_532.jpg,480,704,553,794,symbol
mock/200003076_00084_2-1226_532.jpg,617,131,730,222,symbol
mock/200003076_00084_2-1226_532.jpg,316,653,405,746,symbol
mock/200003076_00084_2-1226_532.jpg,674,434,708,531,symbol
mock/200003076_00084_2-1226_532.jpg,132,845,251,944,symbol
mock/200003076_00084_2-1226_532.jpg,476,76,572,176,symbol
mock/200003076_00084_2-1226_532.jpg,189,251,216,354,symbol
mock/200003076_00084_2-1226_532.jpg,311,407,387,510,symbol
mock/200003076_00084_2-1226_532.jpg,96,356,238,462,symbol
mock/200003076_00084_2-1226_532.jpg,170,463,199,570,symbol
mock/200003076_00084_2-1226_532.jpg,794,758,886,865,symbol
mock/200003076_00084_2-1226_532.jpg,500,302,544,411,symbol
mock/200003076_00084_2-1226_532.jpg,631,238,720,348,symbol
mock/200003076_00084_2-1226_532.jpg,595,606,727,718,symbol
mock/200003076_00084_2-1226_532.jpg,332,513,367,626,symbol
mock/200003076_00084_2-1226_532.jpg,800,286,872,399,symbol
mock/200003076_00084_2-1226_532.jpg,501,805,553,919,symbol
mock/200003076_00084_2-1226_532.jpg,89,662,223,778,symbol
mock/200003076_00084_2-1226_532.jpg,308,773,401,890,symbol
mock/200003076_00084_2-1226_532.jpg,845,157,863,276,symbol
mock/200003076_00084_2-1226_532.jpg,152,15,247,134,symbol
mock/200003076_00084_2-1226_532.jpg,7,685,37,805,symbol
mock/200003076_00084_2-1226_532.jpg,309,254,405,375,symbol
mock/200003076_00084_2-1226_532.jpg,319,35,407,160,symbol
mock/200003076_00084_2-1226_532.jpg,818,408,882,536,symbol
mock/200003076_00084_2-1226_532.jpg,800,855,876,997,symbol
mock/200003076_00084_2-1226_532.jpg,483,534,553,683,symbol
mock/200003076_00084_2-1226_532.jpg,631,769,710,922,symbol
mock/200003076_00084_2-1226_532.jpg,826,493,891,653,symbol
mock/200003076_00084_2-0_2128.jpg,491,709,574,761,symbol
mock/200003076_00084_2-0_2128.jpg,615,319,782,386,symbol
mock/200003076_00084_2-0_2128.jpg,303,460,437,552,symbol
mock/200003076_00084_2-0_2128.jpg,338,369,390,462,symbol
mock/200003076_00084_2-0_2128.jpg,308,274,393,368,symbol
mock/200003076_00084_2-0_2128.jpg,904,679,953,777,symbol
mock/200003076_00084_2-0_2128.jpg,691,494,747,594,symbol
mock/200003076_00084_2-0_2128.jpg,850,579,949,679,symbol
mock/200003076_00084_2-0_2128.jpg,696,401,750,503,symbol
mock/200003076_00084_2-0_2128.jpg,455,243,566,346,symbol
mock/200003076_00084_2-0_2128.jpg,841,209,954,312,symbol
mock/200003076_00084_2-0_2128.jpg,457,123,554,228,symbol
mock/200003076_00084_2-0_2128.jpg,314,161,396,268,symbol
mock/200003076_00084_2-0_2128.jpg,801,321,948,429,symbol
mock/200003076_00084_2-0_2128.jpg,895,91,920,206,symbol
mock/200003076_00084_2-0_2128.jpg,332,669,377,784,symbol
mock/200003076_00084_2-0_2128.jpg,279,41,416,158,symbol
mock/200003076_00084_2-0_2128.jpg,287,545,404,666,symbol
mock/200003076_00084_2-0_2128.jpg,623,162,793,291,symbol
mock/200003076_00084_2-0_2128.jpg,474,348,562,488,symbol
mock/200003076_00084_2-0_2128.jpg,653,604,775,752,symbol
mock/200003076_00084_2-0_2128.jpg,482,502,558,656,symbol
mock/200003076_00084_2-0_2128.jpg,861,418,947,581,symbol
mock/200003076_00084_2-613_1064.jpg,762,251,818,290,symbol
mock/200003076_00084_2-613_1064.jpg,388,31,493,109,symbol
mock/200003076_00084_2-613_1064.jpg,724,43,833,123,symbol
mock/200003076_00084_2-613_1064.jpg,938,789,989,870,symbol
mock/200003076_00084_2-613_1064.jpg,610,879,640,965,symbol
mock/200003076_00084_2-613_1064.jpg,43,586,147,676,symbol
mock/200003076_00084_2-613_1064.jpg,571,401,673,492,symbol
mock/200003076_00084_2-613_1064.jpg,929,121,1018,214,symbol
mock/200003076_00084_2-613_1064.jpg,597,640,655,736,symbol
mock/200003076_00084_2-613_1064.jpg,68,460,144,558,symbol
mock/200003076_00084_2-613_1064.jpg,23,915,151,1013,symbol
mock/200003076_00084_2-613_1064.jpg,597,53,676,152,symbol
mock/200003076_00084_2-613_1064.jpg,745,313,864,412,symbol
mock/200003076_00084_2-613_1064.jpg,914,666,1012,767,symbol
mock/200003076_00084_2-613_1064.jpg,52,791,152,892,symbol
mock/200003076_00084_2-613_1064.jpg,740,740,849,842,symbol
mock/200003076_00084_2-613_1064.jpg,724,859,843,962,symbol
mock/200003076_00084_2-613_1064.jpg,203,731,337,835,symbol
mock/200003076_00084_2-613_1064.jpg,25,28,142,135,symbol
mock/200003076_00084_2-613_1064.jpg,546,515,665,624,symbol
mock/200003076_00084_2-613_1064.jpg,410,123,518,233,symbol
mock/200003076_00084_2-613_1064.jpg,402,451,514,561,symbol
mock/200003076_00084_2-613_1064.jpg,953,536,983,648,symbol
mock/200003076_00084_2-613_1064.jpg,702,130,836,246,symbol
mock/200003076_00084_2-613_1064.jpg,921,241,1014,358,symbol
mock/200003076_00084_2-613_1064.jpg,620,153,650,273,symbol
mock/200003076_00084_2-613_1064.jpg,580,268,707,388,symbol
mock/200003076_00084_2-613_1064.jpg,408,871,521,994,symbol
mock/200003076_00084_2-613_1064.jpg,257,601,318,725,symbol
mock/200003076_00084_2-613_1064.jpg,456,568,511,694,symbol
mock/200003076_00084_2-613_1064.jpg,45,334,154,460,symbol
mock/200003076_00084_2-613_1064.jpg,83,660,148,788,symbol
mock/200003076_00084_2-613_1064.jpg,247,467,330,600,symbol
mock/200003076_00084_2-613_1064.jpg,592,724,643,858,symbol
mock/200003076_00084_2-613_1064.jpg,237,331,315,466,symbol
mock/200003076_00084_2-613_1064.jpg,715,429,877,567,symbol
mock/200003076_00084_2-613_1064.jpg,882,881,1013,1023,symbol
mock/200003076_00084_2-613_1064.jpg,746,584,847,730,symbol
mock/200003076_00084_2-613_1064.jpg,225,855,345,1007,symbol
mock/200003076_00084_2-613_1064.jpg,34,152,151,310,symbol
mock/200003076_00084_2-613_1064.jpg,420,691,543,875,symbol
mock/200003076_00084_2-613_1064.jpg,264,122,289,309,symbol
mock/200003076_00084_2-613_1064.jpg,403,234,495,454,symbol
mock/200003076_00084_2-0_1064.jpg,465,25,543,100,symbol
mock/200003076_00084_2-0_1064.jpg,268,679,393,755,symbol
mock/200003076_00084_2-0_1064.jpg,656,586,760,676,symbol
mock/200003076_00084_2-0_1064.jpg,471,587,578,683,symbol
mock/200003076_00084_2-0_1064.jpg,311,872,386,969,symbol
mock/200003076_00084_2-0_1064.jpg,681,460,757,558,symbol
mock/200003076_00084_2-0_1064.jpg,456,219,575,317,symbol
mock/200003076_00084_2-0_1064.jpg,636,915,764,1013,symbol
mock/200003076_00084_2-0_1064.jpg,665,791,765,892,symbol
mock/200003076_00084_2-0_1064.jpg,326,233,368,335,symbol
mock/200003076_00084_2-0_1064.jpg,816,731,950,835,symbol
mock/200003076_00084_2-0_1064.jpg,638,28,755,135,symbol
mock/200003076_00084_2-0_1064.jpg,317,346,392,462,symbol
mock/200003076_00084_2-0_1064.jpg,291,107,396,224,symbol
mock/200003076_00084_2-0_1064.jpg,516,677,577,796,symbol
mock/200003076_00084_2-0_1064.jpg,478,98,572,218,symbol
mock/200003076_00084_2-0_1064.jpg,314,749,348,870,symbol
mock/200003076_00084_2-0_1064.jpg,464,330,569,452,symbol
mock/200003076_00084_2-0_1064.jpg,430,458,579,580,symbol
mock/200003076_00084_2-0_1064.jpg,870,601,931,725,symbol
mock/200003076_00084_2-0_1064.jpg,658,334,767,460,symbol
mock/200003076_00084_2-0_1064.jpg,696,660,761,788,symbol
mock/200003076_00084_2-0_1064.jpg,860,467,943,600,symbol
mock/200003076_00084_2-0_1064.jpg,850,331,928,466,symbol
mock/200003076_00084_2-0_1064.jpg,838,855,958,1007,symbol
mock/200003076_00084_2-0_1064.jpg,647,152,764,310,symbol
mock/200003076_00084_2-0_1064.jpg,465,815,561,979,symbol
mock/200003076_00084_2-0_1064.jpg,294,469,398,653,symbol
mock/200003076_00084_2-0_1064.jpg,877,122,902,309,symbol
mock/200003076_00084_2-1226_1064.jpg,149,251,205,290,symbol
mock/200003076_00084_2-1226_1064.jpg,653,176,708,219,symbol
mock/200003076_00084_2-1226_1064.jpg,490,907,523,972,symbol
mock/200003076_00084_2-1226_1064.jpg,633,6,727,73,symbol
mock/200003076_00084_2-1226_1064.jpg,487,382,537,450,symbol
mock/200003076_00084_2-1226_1064.jpg,635,946,698,1014,symbol
mock/200003076_00084_2-1226_1064.jpg,470,823,574,894,symbol
mock/200003076_00084_2-1226_1064.jpg,813,476,852,549,symbol
mock/200003076_00084_2-1226_1064.jpg,111,43,220,123,symbol
mock/200003076_00084_2-1226_1064.jpg,325,789,376,870,symbol
mock/200003076_00084_2-1226_1064.jpg,814,129,880,215,symbol
mock/200003076_00084_2-1226_1064.jpg,480,172,553,262,symbol
mock/200003076_00084_2-1226_1064.jpg,618,833,716,924,symbol
mock/200003076_00084_2-1226_1064.jpg,775,558,874,649,symbol
mock/200003076_00084_2-1226_1064.jpg,316,121,405,214,symbol
mock/200003076_00084_2-1226_1064.jpg,132,313,251,412,symbol
mock/200003076_00084_2-1226_1064.jpg,301,666,399,767,symbol
mock/200003076_00084_2-1226_1064.jpg,127,740,236,842,symbol
mock/200003076_00084_2-1226_1064.jpg,111,859,230,962,symbol
mock/200003076_00084_2-1226_1064.jpg,794,226,886,333,symbol
mock/200003076_00084_2-1226_1064.jpg,340,536,370,648,symbol
mock/200003076_00084_2-1226_1064.jpg,595,74,727,186,symbol
mock/200003076_00084_2-1226_1064.jpg,501,273,553,387,symbol
mock/200003076_00084_2-1226_1064.jpg,89,130,223,246,symbol
mock/200003076_00084_2-1226_1064.jpg,469,575,560,692,symbol
mock/200003076_00084_2-1226_1064.jpg,308,241,401,358,symbol
mock/200003076_00084_2-1226_1064.jpg,491,455,526,573,symbol
mock/200003076_00084_2-1226_1064.jpg,7,153,37,273,symbol
mock/200003076_00084_2-1226_1064.jpg,623,553,709,674,symbol
mock/200003076_00084_2-1226_1064.jpg,615,699,724,820,symbol
mock/200003076_00084_2-1226_1064.jpg,468,693,561,821,symbol
mock/200003076_00084_2-1226_1064.jpg,798,665,856,799,symbol
mock/200003076_00084_2-1226_1064.jpg,102,429,264,567,symbol
mock/200003076_00084_2-1226_1064.jpg,800,323,876,465,symbol
mock/200003076_00084_2-1226_1064.jpg,269,881,400,1023,symbol
mock/200003076_00084_2-1226_1064.jpg,133,584,234,730,symbol
mock/200003076_00084_2-1226_1064.jpg,311,384,416,530,symbol
mock/200003076_00084_2-1226_1064.jpg,483,2,553,151,symbol
mock/200003076_00084_2-1226_1064.jpg,631,237,710,390,symbol
mock/200003076_00084_2-1226_1064.jpg,765,818,873,993,symbol
mock/200003076_00084_2-1226_1064.jpg,667,380,697,556,symbol
mock/200003076_00084_2-1226_0.jpg,324,709,391,751,symbol
mock/200003076_00084_2-1226_0.jpg,457,727,575,798,symbol
mock/200003076_00084_2-1226_0.jpg,161,695,230,774,symbol
mock/200003076_00084_2-1226_0.jpg,628,573,726,653,symbol
mock/200003076_00084_2-1226_0.jpg,594,898,738,987,symbol
mock/200003076_00084_2-1226_0.jpg,809,599,882,689,symbol
mock/200003076_00084_2-1226_0.jpg,617,663,730,754,symbol
mock/200003076_00084_2-1226_0.jpg,476,608,572,708,symbol
mock/200003076_00084_2-1226_0.jpg,189,783,216,886,symbol
mock/200003076_00084_2-1226_0.jpg,132,418,245,524,symbol
mock/200003076_00084_2-1226_0.jpg,96,888,238,994,symbol
mock/200003076_00084_2-1226_0.jpg,500,834,544,943,symbol
mock/200003076_00084_2-1226_0.jpg,631,770,720,880,symbol
mock/200003076_00084_2-1226_0.jpg,800,818,872,931,symbol
mock/200003076_00084_2-1226_0.jpg,321,430,430,544,symbol
mock/200003076_00084_2-1226_0.jpg,845,689,863,808,symbol
mock/200003076_00084_2-1226_0.jpg,152,547,247,666,symbol
mock/200003076_00084_2-1226_0.jpg,309,786,405,907,symbol
mock/200003076_00084_2-1226_0.jpg,319,567,407,692,symbol
mock/200003076_00084_2-1226_0.jpg,642,415,741,554,symbol
mock/200003076_00084_2-1226_0.jpg,829,434,876,580,symbol
mock/200003076_00084_2-1226_0.jpg,458,416,577,590,symbol
mock/200003076_00084_2-0_0.jpg,695,613,758,661,symbol
mock/200003076_00084_2-0_0.jpg,481,846,597,906,symbol
mock/200003076_00084_2-0_0.jpg,666,699,782,775,symbol
mock/200003076_00084_2-0_0.jpg,850,446,953,541,symbol
mock/200003076_00084_2-0_0.jpg,471,452,597,549,symbol
mock/200003076_00084_2-0_0.jpg,278,596,394,699,symbol
mock/200003076_00084_2-0_0.jpg,304,850,393,957,symbol
mock/200003076_00084_2-0_0.jpg,864,840,949,951,symbol
mock/200003076_00084_2-0_0.jpg,308,712,396,831,symbol
mock/200003076_00084_2-0_0.jpg,487,712,555,842,symbol
mock/200003076_00084_2-0_0.jpg,896,542,950,673,symbol
mock/200003076_00084_2-0_0.jpg,639,799,749,932,symbol
mock/200003076_00084_2-0_0.jpg,290,439,421,573,symbol
mock/200003076_00084_2-0_0.jpg,876,702,943,837,symbol
mock/200003076_00084_2-0_0.jpg,465,571,587,711,symbol
mock/200003076_00084_2-0_0.jpg,691,441,782,600,symbol
mock/200003076_00084_2-613_2128.jpg,932,602,969,660,symbol
mock/200003076_00084_2-613_2128.jpg,2,319,169,386,symbol
mock/200003076_00084_2-613_2128.jpg,544,707,663,777,symbol
mock/200003076_00084_2-613_2128.jpg,564,220,681,307,symbol
mock/200003076_00084_2-613_2128.jpg,882,311,977,402,symbol
mock/200003076_00084_2-613_2128.jpg,439,455,493,547,symbol
mock/200003076_00084_2-613_2128.jpg,560,120,665,216,symbol
mock/200003076_00084_2-613_2128.jpg,291,679,340,777,symbol
mock/200003076_00084_2-613_2128.jpg,446,670,479,769,symbol
mock/200003076_00084_2-613_2128.jpg,78,494,134,594,symbol
mock/200003076_00084_2-613_2128.jpg,237,579,336,679,symbol
mock/200003076_00084_2-613_2128.jpg,933,384,977,486,symbol
mock/200003076_00084_2-613_2128.jpg,83,401,137,503,symbol
mock/200003076_00084_2-613_2128.jpg,756,274,835,376,symbol
mock/200003076_00084_2-613_2128.jpg,885,498,985,601,symbol
mock/200003076_00084_2-613_2128.jpg,228,209,341,312,symbol
mock/200003076_00084_2-613_2128.jpg,188,321,335,429,symbol
mock/200003076_00084_2-613_2128.jpg,282,91,307,206,symbol
mock/200003076_00084_2-613_2128.jpg,413,62,499,178,symbol
mock/200003076_00084_2-613_2128.jpg,918,189,970,307,symbol
mock/200003076_00084_2-613_2128.jpg,436,329,481,448,symbol
mock/200003076_00084_2-613_2128.jpg,432,543,495,662,symbol
mock/200003076_00084_2-613_2128.jpg,548,434,653,557,symbol
mock/200003076_00084_2-613_2128.jpg,748,383,839,507,symbol
mock/200003076_00084_2-613_2128.jpg,731,640,863,764,symbol
mock/200003076_00084_2-613_2128.jpg,750,513,820,639,symbol
mock/200003076_00084_2-613_2128.jpg,941,657,955,784,symbol
mock/200003076_00084_2-613_2128.jpg,10,162,180,291,symbol
mock/200003076_00084_2-613_2128.jpg,40,604,162,752,symbol
mock/200003076_00084_2-613_2128.jpg,573,560,656,717,symbol
mock/200003076_00084_2-613_2128.jpg,408,186,513,348,symbol
mock/200003076_00084_2-613_2128.jpg,248,418,334,581,symbol
mock/200003076_00084_2-613_2128.jpg,610,301,632,472,symbol
mock/200003076_00084_2-613_2128.jpg,726,54,843,251,symbol
mock/200003076_00084_2-1226_1596.jpg,490,375,523,440,symbol
mock/200003076_00084_2-1226_1596.jpg,635,414,698,482,symbol
mock/200003076_00084_2-1226_1596.jpg,806,781,867,850,symbol
mock/200003076_00084_2-1226_1596.jpg,470,291,574,362,symbol
mock/200003076_00084_2-1226_1596.jpg,495,441,538,518,symbol
mock/200003076_00084_2-1226_1596.jpg,325,257,376,338,symbol
mock/200003076_00084_2-1226_1596.jpg,811,544,863,625,symbol
mock/200003076_00084_2-1226_1596.jpg,813,451,854,542,symbol
mock/200003076_00084_2-1226_1596.jpg,269,843,364,934,symbol
mock/200003076_00084_2-1226_1596.jpg,618,301,716,392,symbol
mock/200003076_00084_2-1226_1596.jpg,775,26,874,117,symbol
mock/200003076_00084_2-1226_1596.jpg,301,134,399,235,symbol
mock/200003076_00084_2-1226_1596.jpg,320,916,364,1018,symbol
mock/200003076_00084_2-1226_1596.jpg,143,806,222,908,symbol
mock/200003076_00084_2-1226_1596.jpg,127,208,236,310,symbol
mock/200003076_00084_2-1226_1596.jpg,111,327,230,430,symbol
mock/200003076_00084_2-1226_1596.jpg,602,809,718,915,symbol
mock/200003076_00084_2-1226_1596.jpg,471,668,545,779,symbol
mock/200003076_00084_2-1226_1596.jpg,340,4,370,116,symbol
mock/200003076_00084_2-1226_1596.jpg,451,904,525,1016,symbol
mock/200003076_00084_2-1226_1596.jpg,465,785,532,898,symbol
mock/200003076_00084_2-1226_1596.jpg,787,855,859,968,symbol
mock/200003076_00084_2-1226_1596.jpg,469,43,560,160,symbol
mock/200003076_00084_2-1226_1596.jpg,305,721,357,839,symbol
mock/200003076_00084_2-1226_1596.jpg,623,21,709,142,symbol
mock/200003076_00084_2-1226_1596.jpg,615,167,724,288,symbol
mock/200003076_00084_2-1226_1596.jpg,130,448,246,575,symbol
mock/200003076_00084_2-1226_1596.jpg,468,161,561,289,symbol
mock/200003076_00084_2-1226_1596.jpg,638,672,709,801,symbol
mock/200003076_00084_2-1226_1596.jpg,453,527,551,656,symbol
mock/200003076_00084_2-1226_1596.jpg,798,133,856,267,symbol
mock/200003076_00084_2-1226_1596.jpg,269,349,400,491,symbol
mock/200003076_00084_2-1226_1596.jpg,133,52,234,198,symbol
mock/200003076_00084_2-1226_1596.jpg,796,632,868,781,symbol
mock/200003076_00084_2-1226_1596.jpg,661,500,676,651,symbol
mock/200003076_00084_2-1226_1596.jpg,765,286,873,461,symbol
mock/200003076_00084_2-1226_1596.jpg,113,586,230,783,symbol
mock/200003076_00084_2-1226_1596.jpg,298,500,391,704,symbol
mock/200003076_00084_2-0_532.jpg,695,81,758,129,symbol
mock/200003076_00084_2-0_532.jpg,481,314,597,374,symbol
mock/200003076_00084_2-0_532.jpg,465,557,543,632,symbol
mock/200003076_00084_2-0_532.jpg,666,167,782,243,symbol
mock/200003076_00084_2-0_532.jpg,310,438,378,515,symbol
mock/200003076_00084_2-0_532.jpg,456,751,575,849,symbol
mock/200003076_00084_2-0_532.jpg,326,765,368,867,symbol
mock/200003076_00084_2-0_532.jpg,278,64,394,167,symbol
mock/200003076_00084_2-0_532.jpg,304,318,393,425,symbol
mock/200003076_00084_2-0_532.jpg,638,560,755,667,symbol
mock/200003076_00084_2-0_532.jpg,864,308,949,419,symbol
mock/200003076_00084_2-0_532.jpg,819,415,939,526,symbol
mock/200003076_00084_2-0_532.jpg,317,878,392,994,symbol
mock/200003076_00084_2-0_532.jpg,278,516,394,632,symbol
mock/200003076_00084_2-0_532.jpg,291,639,396,756,symbol
mock/200003076_00084_2-0_532.jpg,308,180,396,299,symbol
mock/200003076_00084_2-0_532.jpg,478,630,572,750,symbol
mock/200003076_00084_2-0_532.jpg,845,531,967,652,symbol
mock/200003076_00084_2-0_532.jpg,464,862,569,984,symbol
mock/200003076_00084_2-0_532.jpg,658,866,767,992,symbol
mock/200003076_00084_2-0_532.jpg,487,180,555,310,symbol
mock/200003076_00084_2-0_532.jpg,896,10,950,141,symbol
mock/200003076_00084_2-0_532.jpg,671,414,775,547,symbol
mock/200003076_00084_2-0_532.jpg,639,267,749,400,symbol
mock/200003076_00084_2-0_532.jpg,876,170,943,305,symbol
mock/200003076_00084_2-0_532.jpg,850,863,928,998,symbol
mock/200003076_00084_2-0_532.jpg,465,39,587,179,symbol
mock/200003076_00084_2-0_532.jpg,468,395,580,544,symbol
mock/200003076_00084_2-0_532.jpg,647,684,764,842,symbol
mock/200003076_00084_2-0_532.jpg,877,654,902,841,symbol
mock/200003076_00084_2-613_0.jpg,937,709,1004,751,symbol
mock/200003076_00084_2-613_0.jpg,82,613,145,661,symbol
mock/200003076_00084_2-613_0.jpg,53,699,169,775,symbol
mock/200003076_00084_2-613_0.jpg,383,445,501,521,symbol
mock/200003076_00084_2-613_0.jpg,774,695,843,774,symbol
mock/200003076_00084_2-613_0.jpg,553,889,665,974,symbol
mock/200003076_00084_2-613_0.jpg,237,446,340,541,symbol
mock/200003076_00084_2-613_0.jpg,802,783,829,886,symbol
mock/200003076_00084_2-613_0.jpg,453,703,481,808,symbol
mock/200003076_00084_2-613_0.jpg,745,418,858,524,symbol
mock/200003076_00084_2-613_0.jpg,709,888,851,994,symbol
mock/200003076_00084_2-613_0.jpg,251,840,336,951,symbol
mock/200003076_00084_2-613_0.jpg,765,547,860,666,symbol
mock/200003076_00084_2-613_0.jpg,922,786,1018,907,symbol
mock/200003076_00084_2-613_0.jpg,584,585,700,706,symbol
mock/200003076_00084_2-613_0.jpg,405,829,486,952,symbol
mock/200003076_00084_2-613_0.jpg,932,567,1020,692,symbol
mock/200003076_00084_2-613_0.jpg,283,542,337,673,symbol
mock/200003076_00084_2-613_0.jpg,26,799,136,932,symbol
mock/200003076_00084_2-613_0.jpg,263,702,330,837,symbol
mock/200003076_00084_2-613_0.jpg,411,562,499,699,symbol
mock/200003076_00084_2-613_0.jpg,576,431,683,579,symbol
mock/200003076_00084_2-613_0.jpg,588,711,662,863,symbol
mock/200003076_00084_2-613_0.jpg,78,441,169,600,symbol
mock/200003076_00084_2-613_532.jpg,762,783,818,822,symbol
mock/200003076_00084_2-613_532.jpg,937,177,1004,219,symbol
mock/200003076_00084_2-613_532.jpg,82,81,145,129,symbol
mock/200003076_00084_2-613_532.jpg,572,482,691,554,symbol
mock/200003076_00084_2-613_532.jpg,53,167,169,243,symbol
mock/200003076_00084_2-613_532.jpg,388,563,493,641,symbol
mock/200003076_00084_2-613_532.jpg,774,163,843,242,symbol
mock/200003076_00084_2-613_532.jpg,724,575,833,655,symbol
mock/200003076_00084_2-613_532.jpg,553,357,665,442,symbol
mock/200003076_00084_2-613_532.jpg,571,933,673,1024,symbol
mock/200003076_00084_2-613_532.jpg,929,653,1018,746,symbol
mock/200003076_00084_2-613_532.jpg,597,585,676,684,symbol
mock/200003076_00084_2-613_532.jpg,745,845,864,944,symbol
mock/200003076_00084_2-613_532.jpg,802,251,829,354,symbol
mock/200003076_00084_2-613_532.jpg,924,407,1000,510,symbol
mock/200003076_00084_2-613_532.jpg,453,171,481,276,symbol
mock/200003076_00084_2-613_532.jpg,709,356,851,462,symbol
mock/200003076_00084_2-613_532.jpg,783,463,812,570,symbol
mock/200003076_00084_2-613_532.jpg,25,560,142,667,symbol
mock/200003076_00084_2-613_532.jpg,417,433,471,543,symbol
mock/200003076_00084_2-613_532.jpg,410,655,518,765,symbol
mock/200003076_00084_2-613_532.jpg,251,308,336,419,symbol
mock/200003076_00084_2-613_532.jpg,206,415,326,526,symbol
mock/200003076_00084_2-613_532.jpg,945,513,980,626,symbol
mock/200003076_00084_2-613_532.jpg,702,662,836,778,symbol
mock/200003076_00084_2-613_532.jpg,921,773,1014,890,symbol
mock/200003076_00084_2-613_532.jpg,765,15,860,134,symbol
mock/200003076_00084_2-613_532.jpg,620,685,650,805,symbol
mock/200003076_00084_2-613_532.jpg,580,800,707,920,symbol
mock/200003076_00084_2-613_532.jpg,922,254,1018,375,symbol
mock/200003076_00084_2-613_532.jpg,584,53,700,174,symbol
mock/200003076_00084_2-613_532.jpg,232,531,354,652,symbol
mock/200003076_00084_2-613_532.jpg,405,297,486,420,symbol
mock/200003076_00084_2-613_532.jpg,932,35,1020,160,symbol
mock/200003076_00084_2-613_532.jpg,45,866,154,992,symbol
mock/200003076_00084_2-613_532.jpg,283,10,337,141,symbol
mock/200003076_00084_2-613_532.jpg,58,414,162,547,symbol
mock/200003076_00084_2-613_532.jpg,26,267,136,400,symbol
mock/200003076_00084_2-613_532.jpg,263,170,330,305,symbol
mock/200003076_00084_2-613_532.jpg,237,863,315,998,symbol
mock/200003076_00084_2-613_532.jpg,411,30,499,167,symbol
mock/200003076_00084_2-613_532.jpg,588,179,662,331,symbol
mock/200003076_00084_2-613_532.jpg,34,684,151,842,symbol
mock/200003076_00084_2-613_532.jpg,264,654,289,841,symbol
mock/200003076_00084_2-613_532.jpg,403,766,495,986,symbol
mock/200003076_00084_2-613_1596.jpg,2,851,169,918,symbol
mock/200003076_00084_2-613_1596.jpg,555,438,681,512,symbol
mock/200003076_00084_2-613_1596.jpg,938,257,989,338,symbol
mock/200003076_00084_2-613_1596.jpg,610,347,640,433,symbol
mock/200003076_00084_2-613_1596.jpg,564,752,681,839,symbol
mock/200003076_00084_2-613_1596.jpg,43,54,147,144,symbol
mock/200003076_00084_2-613_1596.jpg,882,843,977,934,symbol
mock/200003076_00084_2-613_1596.jpg,597,108,655,204,symbol
mock/200003076_00084_2-613_1596.jpg,560,652,665,748,symbol
mock/200003076_00084_2-613_1596.jpg,23,383,151,481,symbol
mock/200003076_00084_2-613_1596.jpg,416,477,498,577,symbol
mock/200003076_00084_2-613_1596.jpg,914,134,1012,235,symbol
mock/200003076_00084_2-613_1596.jpg,52,259,152,360,symbol
mock/200003076_00084_2-613_1596.jpg,933,916,977,1018,symbol
mock/200003076_00084_2-613_1596.jpg,756,806,835,908,symbol
mock/200003076_00084_2-613_1596.jpg,740,208,849,310,symbol
mock/200003076_00084_2-613_1596.jpg,228,741,341,844,symbol
mock/200003076_00084_2-613_1596.jpg,724,327,843,430,symbol
mock/200003076_00084_2-613_1596.jpg,203,199,337,303,symbol
mock/200003076_00084_2-613_1596.jpg,188,853,335,961,symbol
mock/200003076_00084_2-613_1596.jpg,953,4,983,116,symbol
mock/200003076_00084_2-613_1596.jpg,282,623,307,738,symbol
mock/200003076_00084_2-613_1596.jpg,413,594,499,710,symbol
mock/200003076_00084_2-613_1596.jpg,918,721,970,839,symbol
mock/200003076_00084_2-613_1596.jpg,436,861,481,980,symbol
mock/200003076_00084_2-613_1596.jpg,408,339,521,462,symbol
mock/200003076_00084_2-613_1596.jpg,257,69,318,193,symbol
mock/200003076_00084_2-613_1596.jpg,456,36,511,162,symbol
mock/200003076_00084_2-613_1596.jpg,743,448,859,575,symbol
mock/200003076_00084_2-613_1596.jpg,83,128,148,256,symbol
mock/200003076_00084_2-613_1596.jpg,10,694,180,823,symbol
mock/200003076_00084_2-613_1596.jpg,592,192,643,326,symbol
mock/200003076_00084_2-613_1596.jpg,587,513,634,651,symbol
mock/200003076_00084_2-613_1596.jpg,882,349,1013,491,symbol
mock/200003076_00084_2-613_1596.jpg,746,52,847,198,symbol
mock/200003076_00084_2-613_1596.jpg,225,323,345,475,symbol
mock/200003076_00084_2-613_1596.jpg,212,467,346,621,symbol
mock/200003076_00084_2-613_1596.jpg,408,718,513,880,symbol
mock/200003076_00084_2-613_1596.jpg,58,505,163,675,symbol
mock/200003076_00084_2-613_1596.jpg,610,833,632,1004,symbol
mock/200003076_00084_2-613_1596.jpg,420,159,543,343,symbol
mock/200003076_00084_2-613_1596.jpg,726,586,843,783,symbol
mock/200003076_00084_2-613_1596.jpg,911,500,1004,704,symbol
mock/200003076_00106_1-1326_1722.jpg,307,884,412,962,symbol
mock/200003076_00106_1-1326_1722.jpg,316,472,359,564,symbol
mock/200003076_00106_1-1326_1722.jpg,105,830,182,925,symbol
mock/200003076_00106_1-1326_1722.jpg,305,565,370,663,symbol
mock/200003076_00106_1-1326_1722.jpg,293,71,378,179,symbol
mock/200003076_00106_1-1326_1722.jpg,320,342,375,458,symbol
mock/200003076_00106_1-1326_1722.jpg,317,675,366,795,symbol
mock/200003076_00106_1-1326_1722.jpg,81,700,198,821,symbol
mock/200003076_00106_1-1326_1722.jpg,293,781,405,906,symbol
mock/200003076_00106_1-1326_1722.jpg,91,413,197,546,symbol
mock/200003076_00106_1-1326_1722.jpg,53,101,225,236,symbol
mock/200003076_00106_1-1326_1722.jpg,311,193,378,329,symbol
mock/200003076_00106_1-1326_1722.jpg,81,251,188,413,symbol
mock/200003076_00106_1-1326_1722.jpg,85,532,182,698,symbol
mock/200003076_00106_1-0_574.jpg,566,362,627,409,symbol
mock/200003076_00106_1-0_574.jpg,720,579,806,628,symbol
mock/200003076_00106_1-0_574.jpg,554,558,629,610,symbol
mock/200003076_00106_1-0_574.jpg,729,667,806,723,symbol
mock/200003076_00106_1-0_574.jpg,715,888,818,944,symbol
mock/200003076_00106_1-0_574.jpg,220,231,299,290,symbol
mock/200003076_00106_1-0_574.jpg,875,714,982,782,symbol
mock/200003076_00106_1-0_574.jpg,97,472,140,548,symbol
mock/200003076_00106_1-0_574.jpg,725,237,789,314,symbol
mock/200003076_00106_1-0_574.jpg,345,912,486,991,symbol
mock/200003076_00106_1-0_574.jpg,361,275,479,356,symbol
mock/200003076_00106_1-0_574.jpg,879,133,967,215,symbol
mock/200003076_00106_1-0_574.jpg,174,323,336,407,symbol
mock/200003076_00106_1-0_574.jpg,251,535,300,621,symbol
mock/200003076_00106_1-0_574.jpg,537,719,650,807,symbol
mock/200003076_00106_1-0_574.jpg,890,41,947,130,symbol
mock/200003076_00106_1-0_574.jpg,411,150,457,243,symbol
mock/200003076_00106_1-0_574.jpg,723,755,845,850,symbol
mock/200003076_00106_1-0_574.jpg,564,256,628,352,symbol
mock/200003076_00106_1-0_574.jpg,905,370,953,468,symbol
mock/200003076_00106_1-0_574.jpg,343,782,496,880,symbol
mock/200003076_00106_1-0_574.jpg,89,342,150,442,symbol
mock/200003076_00106_1-0_574.jpg,391,376,481,482,symbol
mock/200003076_00106_1-0_574.jpg,80,562,145,669,symbol
mock/200003076_00106_1-0_574.jpg,593,611,614,720,symbol
mock/200003076_00106_1-0_574.jpg,745,308,789,417,symbol
mock/200003076_00106_1-0_574.jpg,914,776,970,885,symbol
mock/200003076_00106_1-0_574.jpg,884,484,982,593,symbol
mock/200003076_00106_1-0_574.jpg,560,810,638,920,symbol
mock/200003076_00106_1-0_574.jpg,89,65,122,177,symbol
mock/200003076_00106_1-0_574.jpg,96,806,140,920,symbol
mock/200003076_00106_1-0_574.jpg,394,496,451,611,symbol
mock/200003076_00106_1-0_574.jpg,230,636,323,751,symbol
mock/200003076_00106_1-0_574.jpg,230,90,301,207,symbol
mock/200003076_00106_1-0_574.jpg,876,582,976,699,symbol
mock/200003076_00106_1-0_574.jpg,338,41,472,158,symbol
mock/200003076_00106_1-0_574.jpg,91,680,147,798,symbol
mock/200003076_00106_1-0_574.jpg,748,428,801,550,symbol
mock/200003076_00106_1-0_574.jpg,225,411,294,533,symbol
mock/200003076_00106_1-0_574.jpg,874,232,991,357,symbol
mock/200003076_00106_1-0_574.jpg,564,414,630,545,symbol
mock/200003076_00106_1-0_574.jpg,233,806,308,938,symbol
mock/200003076_00106_1-0_574.jpg,66,201,150,333,symbol
mock/200003076_00106_1-0_574.jpg,377,636,485,771,symbol
mock/200003076_00106_1-0_574.jpg,555,77,629,248,symbol
mock/200003076_00106_1-0_574.jpg,737,42,755,229,symbol
mock/200003076_00106_1-0_2296.jpg,233,342,351,401,symbol
mock/200003076_00106_1-0_2296.jpg,752,177,821,242,symbol
mock/200003076_00106_1-0_2296.jpg,568,503,664,571,symbol
mock/200003076_00106_1-0_2296.jpg,721,465,836,533,symbol
mock/200003076_00106_1-0_2296.jpg,219,254,338,323,symbol
mock/200003076_00106_1-0_2296.jpg,901,517,999,591,symbol
mock/200003076_00106_1-0_2296.jpg,907,7,1011,84,symbol
mock/200003076_00106_1-0_2296.jpg,768,357,812,446,symbol
mock/200003076_00106_1-0_2296.jpg,576,614,614,705,symbol
mock/200003076_00106_1-0_2296.jpg,894,102,1016,195,symbol
mock/200003076_00106_1-0_2296.jpg,426,610,494,704,symbol
mock/200003076_00106_1-0_2296.jpg,106,590,165,685,symbol
mock/200003076_00106_1-0_2296.jpg,609,584,641,680,symbol
mock/200003076_00106_1-0_2296.jpg,921,607,1004,703,symbol
mock/200003076_00106_1-0_2296.jpg,252,128,336,224,symbol
mock/200003076_00106_1-0_2296.jpg,767,489,808,588,symbol
mock/200003076_00106_1-0_2296.jpg,70,166,168,266,symbol
mock/200003076_00106_1-0_2296.jpg,601,151,629,254,symbol
mock/200003076_00106_1-0_2296.jpg,556,63,654,167,symbol
mock/200003076_00106_1-0_2296.jpg,85,46,181,153,symbol
mock/200003076_00106_1-0_2296.jpg,396,205,497,312,symbol
mock/200003076_00106_1-0_2296.jpg,731,257,835,364,symbol
mock/200003076_00106_1-0_2296.jpg,595,391,646,502,symbol
mock/200003076_00106_1-0_2296.jpg,256,4,333,115,symbol
mock/200003076_00106_1-0_2296.jpg,768,589,839,702,symbol
mock/200003076_00106_1-0_2296.jpg,404,318,500,434,symbol
mock/200003076_00106_1-0_2296.jpg,943,371,977,492,symbol
mock/200003076_00106_1-0_2296.jpg,570,274,665,397,symbol
mock/200003076_00106_1-0_2296.jpg,87,467,193,590,symbol
mock/200003076_00106_1-0_2296.jpg,248,572,372,700,symbol
mock/200003076_00106_1-0_2296.jpg,391,446,505,575,symbol
mock/200003076_00106_1-0_2296.jpg,376,64,508,193,symbol
mock/200003076_00106_1-0_2296.jpg,734,23,836,157,symbol
mock/200003076_00106_1-0_2296.jpg,243,414,362,549,symbol
mock/200003076_00106_1-0_2296.jpg,902,208,994,357,symbol
mock/200003076_00106_1-0_2296.jpg,71,290,175,454,symbol
mock/200003076_00106_1-663_1148.jpg,57,5,143,54,symbol
mock/200003076_00106_1-663_1148.jpg,66,93,143,149,symbol
mock/200003076_00106_1-663_1148.jpg,52,314,155,370,symbol
mock/200003076_00106_1-663_1148.jpg,380,587,499,652,symbol
mock/200003076_00106_1-663_1148.jpg,212,140,319,208,symbol
mock/200003076_00106_1-663_1148.jpg,254,488,320,562,symbol
mock/200003076_00106_1-663_1148.jpg,769,376,862,462,symbol
mock/200003076_00106_1-663_1148.jpg,561,610,678,699,symbol
mock/200003076_00106_1-663_1148.jpg,60,181,182,276,symbol
mock/200003076_00106_1-663_1148.jpg,596,710,647,806,symbol
mock/200003076_00106_1-663_1148.jpg,235,579,337,676,symbol
mock/200003076_00106_1-663_1148.jpg,77,814,152,914,symbol
mock/200003076_00106_1-663_1148.jpg,764,112,852,213,symbol
mock/200003076_00106_1-663_1148.jpg,378,63,488,164,symbol
mock/200003076_00106_1-663_1148.jpg,415,193,486,295,symbol
mock/200003076_00106_1-663_1148.jpg,585,208,658,312,symbol
mock/200003076_00106_1-663_1148.jpg,251,202,307,311,symbol
mock/200003076_00106_1-663_1148.jpg,228,830,340,939,symbol
mock/200003076_00106_1-663_1148.jpg,409,443,468,557,symbol
mock/200003076_00106_1-663_1148.jpg,213,8,313,125,symbol
mock/200003076_00106_1-663_1148.jpg,558,487,696,605,symbol
mock/200003076_00106_1-663_1148.jpg,225,680,353,804,symbol
mock/200003076_00106_1-663_1148.jpg,384,309,487,441,symbol
mock/200003076_00106_1-663_1148.jpg,52,397,175,529,symbol
mock/200003076_00106_1-663_1148.jpg,594,333,651,467,symbol
mock/200003076_00106_1-663_1148.jpg,716,675,888,810,symbol
mock/200003076_00106_1-663_1148.jpg,235,338,306,475,symbol
mock/200003076_00106_1-663_1148.jpg,764,214,835,353,symbol
mock/200003076_00106_1-663_1148.jpg,60,672,153,813,symbol
mock/200003076_00106_1-663_1148.jpg,39,546,146,691,symbol
mock/200003076_00106_1-663_1148.jpg,562,64,668,210,symbol
mock/200003076_00106_1-663_1148.jpg,623,807,648,967,symbol
mock/200003076_00106_1-663_1148.jpg,744,825,851,987,symbol
mock/200003076_00106_1-663_1148.jpg,399,822,507,984,symbol
mock/200003076_00106_1-663_1148.jpg,766,477,872,640,symbol
mock/200003076_00106_1-663_1148.jpg,399,618,469,790,symbol
mock/200003076_00106_1-0_1722.jpg,233,916,351,975,symbol
mock/200003076_00106_1-0_1722.jpg,752,751,821,816,symbol
mock/200003076_00106_1-0_1722.jpg,219,828,338,897,symbol
mock/200003076_00106_1-0_1722.jpg,907,581,1011,658,symbol
mock/200003076_00106_1-0_1722.jpg,599,88,630,170,symbol
mock/200003076_00106_1-0_1722.jpg,76,9,164,93,symbol
mock/200003076_00106_1-0_1722.jpg,590,523,634,609,symbol
mock/200003076_00106_1-0_1722.jpg,106,398,166,485,symbol
mock/200003076_00106_1-0_1722.jpg,768,931,812,1020,symbol
mock/200003076_00106_1-0_1722.jpg,586,434,669,524,symbol
mock/200003076_00106_1-0_1722.jpg,67,185,157,278,symbol
mock/200003076_00106_1-0_1722.jpg,894,676,1016,769,symbol
mock/200003076_00106_1-0_1722.jpg,252,702,336,798,symbol
mock/200003076_00106_1-0_1722.jpg,898,5,1000,102,symbol
mock/200003076_00106_1-0_1722.jpg,740,240,815,340,symbol
mock/200003076_00106_1-0_1722.jpg,70,740,168,840,symbol
mock/200003076_00106_1-0_1722.jpg,67,292,161,393,symbol
mock/200003076_00106_1-0_1722.jpg,395,392,504,494,symbol
mock/200003076_00106_1-0_1722.jpg,601,725,629,828,symbol
mock/200003076_00106_1-0_1722.jpg,556,637,654,741,symbol
mock/200003076_00106_1-0_1722.jpg,224,356,341,460,symbol
mock/200003076_00106_1-0_1722.jpg,96,81,128,188,symbol
mock/200003076_00106_1-0_1722.jpg,85,620,181,727,symbol
mock/200003076_00106_1-0_1722.jpg,396,779,497,886,symbol
mock/200003076_00106_1-0_1722.jpg,731,831,835,938,symbol
mock/200003076_00106_1-0_1722.jpg,584,183,632,291,symbol
mock/200003076_00106_1-0_1722.jpg,723,360,825,469,symbol
mock/200003076_00106_1-0_1722.jpg,891,256,1003,365,symbol
mock/200003076_00106_1-0_1722.jpg,557,306,655,416,symbol
mock/200003076_00106_1-0_1722.jpg,231,75,350,185,symbol
mock/200003076_00106_1-0_1722.jpg,256,578,333,689,symbol
mock/200003076_00106_1-0_1722.jpg,433,506,471,618,symbol
mock/200003076_00106_1-0_1722.jpg,404,892,500,1008,symbol
mock/200003076_00106_1-0_1722.jpg,76,501,178,619,symbol
mock/200003076_00106_1-0_1722.jpg,570,848,665,971,symbol
mock/200003076_00106_1-0_1722.jpg,888,106,1016,230,symbol
mock/200003076_00106_1-0_1722.jpg,404,109,467,234,symbol
mock/200003076_00106_1-0_1722.jpg,271,448,311,574,symbol
mock/200003076_00106_1-0_1722.jpg,729,480,847,606,symbol
mock/200003076_00106_1-0_1722.jpg,376,638,508,767,symbol
mock/200003076_00106_1-0_1722.jpg,734,597,836,731,symbol
mock/200003076_00106_1-0_1722.jpg,382,246,515,382,symbol
mock/200003076_00106_1-0_1722.jpg,237,217,356,354,symbol
mock/200003076_00106_1-0_1722.jpg,723,98,816,239,symbol
mock/200003076_00106_1-0_1722.jpg,902,782,994,931,symbol
mock/200003076_00106_1-0_1722.jpg,897,382,1007,550,symbol
mock/200003076_00106_1-663_0.jpg,32,542,160,608,symbol
mock/200003076_00106_1-663_0.jpg,62,811,126,888,symbol
mock/200003076_00106_1-663_0.jpg,216,707,304,789,symbol
mock/200003076_00106_1-663_0.jpg,227,615,284,704,symbol
mock/200003076_00106_1-663_0.jpg,773,864,836,957,symbol
mock/200003076_00106_1-663_0.jpg,386,909,466,1005,symbol
mock/200003076_00106_1-663_0.jpg,202,524,297,622,symbol
mock/200003076_00106_1-663_0.jpg,369,800,483,902,symbol
mock/200003076_00106_1-663_0.jpg,557,694,671,797,symbol
mock/200003076_00106_1-663_0.jpg,82,882,126,991,symbol
mock/200003076_00106_1-663_0.jpg,380,529,492,647,symbol
mock/200003076_00106_1-663_0.jpg,383,670,476,795,symbol
mock/200003076_00106_1-663_0.jpg,211,806,328,931,symbol
mock/200003076_00106_1-663_0.jpg,759,697,862,838,symbol
mock/200003076_00106_1-663_0.jpg,788,520,826,666,symbol
mock/200003076_00106_1-663_0.jpg,572,538,667,688,symbol
mock/200003076_00106_1-663_0.jpg,561,796,669,972,symbol
mock/200003076_00106_1-663_0.jpg,74,616,92,803,symbol
mock/200003076_00106_1-663_574.jpg,57,579,143,628,symbol
mock/200003076_00106_1-663_574.jpg,66,667,143,723,symbol
mock/200003076_00106_1-663_574.jpg,52,888,155,944,symbol
mock/200003076_00106_1-663_574.jpg,212,714,319,782,symbol
mock/200003076_00106_1-663_574.jpg,547,422,666,490,symbol
mock/200003076_00106_1-663_574.jpg,62,237,126,314,symbol
mock/200003076_00106_1-663_574.jpg,216,133,304,215,symbol
mock/200003076_00106_1-663_574.jpg,227,41,284,130,symbol
mock/200003076_00106_1-663_574.jpg,773,290,836,383,symbol
mock/200003076_00106_1-663_574.jpg,60,755,182,850,symbol
mock/200003076_00106_1-663_574.jpg,386,335,466,431,symbol
mock/200003076_00106_1-663_574.jpg,242,370,290,468,symbol
mock/200003076_00106_1-663_574.jpg,764,686,852,787,symbol
mock/200003076_00106_1-663_574.jpg,378,637,488,738,symbol
mock/200003076_00106_1-663_574.jpg,415,767,486,869,symbol
mock/200003076_00106_1-663_574.jpg,369,226,483,328,symbol
mock/200003076_00106_1-663_574.jpg,557,120,671,223,symbol
mock/200003076_00106_1-663_574.jpg,585,782,658,886,symbol
mock/200003076_00106_1-663_574.jpg,743,562,869,667,symbol
mock/200003076_00106_1-663_574.jpg,82,308,126,417,symbol
mock/200003076_00106_1-663_574.jpg,251,776,307,885,symbol
mock/200003076_00106_1-663_574.jpg,221,484,319,593,symbol
mock/200003076_00106_1-663_574.jpg,213,582,313,699,symbol
mock/200003076_00106_1-663_574.jpg,85,428,138,550,symbol
mock/200003076_00106_1-663_574.jpg,383,96,476,221,symbol
mock/200003076_00106_1-663_574.jpg,211,232,328,357,symbol
mock/200003076_00106_1-663_574.jpg,384,883,487,1015,symbol
mock/200003076_00106_1-663_574.jpg,764,788,835,927,symbol
mock/200003076_00106_1-663_574.jpg,759,123,862,264,symbol
mock/200003076_00106_1-663_574.jpg,562,638,668,784,symbol
mock/200003076_00106_1-663_574.jpg,601,494,624,645,symbol
mock/200003076_00106_1-663_574.jpg,768,384,833,538,symbol
mock/200003076_00106_1-663_574.jpg,561,222,669,398,symbol
mock/200003076_00106_1-663_574.jpg,369,451,489,636,symbol
mock/200003076_00106_1-663_574.jpg,74,42,92,229,symbol
mock/200003076_00106_1-663_1722.jpg,584,701,690,764,symbol
mock/200003076_00106_1-663_1722.jpg,89,751,158,816,symbol
mock/200003076_00106_1-663_1722.jpg,380,13,499,78,symbol
mock/200003076_00106_1-663_1722.jpg,559,524,684,593,symbol
mock/200003076_00106_1-663_1722.jpg,427,858,476,930,symbol
mock/200003076_00106_1-663_1722.jpg,244,581,348,658,symbol
mock/200003076_00106_1-663_1722.jpg,105,931,149,1020,symbol
mock/200003076_00106_1-663_1722.jpg,561,36,678,125,symbol
mock/200003076_00106_1-663_1722.jpg,979,472,1022,564,symbol
mock/200003076_00106_1-663_1722.jpg,231,676,353,769,symbol
mock/200003076_00106_1-663_1722.jpg,593,408,672,502,symbol
mock/200003076_00106_1-663_1722.jpg,768,830,845,925,symbol
mock/200003076_00106_1-663_1722.jpg,596,136,647,232,symbol
mock/200003076_00106_1-663_1722.jpg,424,422,478,519,symbol
mock/200003076_00106_1-663_1722.jpg,235,5,337,102,symbol
mock/200003076_00106_1-663_1722.jpg,77,240,152,340,symbol
mock/200003076_00106_1-663_1722.jpg,336,782,507,884,symbol
mock/200003076_00106_1-663_1722.jpg,68,831,172,938,symbol
mock/200003076_00106_1-663_1722.jpg,390,664,486,772,symbol
mock/200003076_00106_1-663_1722.jpg,60,360,162,469,symbol
mock/200003076_00106_1-663_1722.jpg,228,256,340,365,symbol
mock/200003076_00106_1-663_1722.jpg,412,534,494,655,symbol
mock/200003076_00106_1-663_1722.jpg,744,700,861,821,symbol
mock/200003076_00106_1-663_1722.jpg,225,106,353,230,symbol
mock/200003076_00106_1-663_1722.jpg,66,480,184,606,symbol
mock/200003076_00106_1-663_1722.jpg,754,413,860,546,symbol
mock/200003076_00106_1-663_1722.jpg,586,773,659,907,symbol
mock/200003076_00106_1-663_1722.jpg,71,597,173,731,symbol
mock/200003076_00106_1-663_1722.jpg,716,101,888,236,symbol
mock/200003076_00106_1-663_1722.jpg,60,98,153,239,symbol
mock/200003076_00106_1-663_1722.jpg,598,549,666,697,symbol
mock/200003076_00106_1-663_1722.jpg,239,782,331,931,symbol
mock/200003076_00106_1-663_1722.jpg,623,233,648,393,symbol
mock/200003076_00106_1-663_1722.jpg,744,251,851,413,symbol
mock/200003076_00106_1-663_1722.jpg,399,248,507,410,symbol
mock/200003076_00106_1-663_1722.jpg,748,532,845,698,symbol
mock/200003076_00106_1-663_1722.jpg,234,382,344,550,symbol
mock/200003076_00106_1-663_1722.jpg,399,44,469,216,symbol
mock/200003076_00106_1-0_0.jpg,566,936,627,983,symbol
mock/200003076_00106_1-0_0.jpg,220,805,299,864,symbol
mock/200003076_00106_1-0_0.jpg,695,542,823,608,symbol
mock/200003076_00106_1-0_0.jpg,66,572,145,641,symbol
mock/200003076_00106_1-0_0.jpg,725,811,789,888,symbol
mock/200003076_00106_1-0_0.jpg,379,533,466,614,symbol
mock/200003076_00106_1-0_0.jpg,361,849,479,930,symbol
mock/200003076_00106_1-0_0.jpg,879,707,967,789,symbol
mock/200003076_00106_1-0_0.jpg,174,897,336,981,symbol
mock/200003076_00106_1-0_0.jpg,890,615,947,704,symbol
mock/200003076_00106_1-0_0.jpg,411,724,457,817,symbol
mock/200003076_00106_1-0_0.jpg,564,830,628,926,symbol
mock/200003076_00106_1-0_0.jpg,865,524,960,622,symbol
mock/200003076_00106_1-0_0.jpg,89,916,150,1016,symbol
mock/200003076_00106_1-0_0.jpg,219,545,317,653,symbol
mock/200003076_00106_1-0_0.jpg,745,882,789,991,symbol
mock/200003076_00106_1-0_0.jpg,89,639,122,751,symbol
mock/200003076_00106_1-0_0.jpg,230,664,301,781,symbol
mock/200003076_00106_1-0_0.jpg,338,615,472,732,symbol
mock/200003076_00106_1-0_0.jpg,542,521,639,643,symbol
mock/200003076_00106_1-0_0.jpg,874,806,991,931,symbol
mock/200003076_00106_1-0_0.jpg,66,775,150,907,symbol
mock/200003076_00106_1-0_0.jpg,555,651,629,822,symbol
mock/200003076_00106_1-0_0.jpg,737,616,755,803,symbol
mock/200003076_00106_1-1326_2296.jpg,311,534,380,593,symbol
mock/200003076_00106_1-1326_2296.jpg,307,310,412,388,symbol
mock/200003076_00106_1-1326_2296.jpg,105,256,182,351,symbol
mock/200003076_00106_1-1326_2296.jpg,300,593,435,695,symbol
mock/200003076_00106_1-1326_2296.jpg,317,101,366,221,symbol
mock/200003076_00106_1-1326_2296.jpg,81,126,198,247,symbol
mock/200003076_00106_1-1326_2296.jpg,299,394,400,519,symbol
mock/200003076_00106_1-1326_2296.jpg,293,207,405,332,symbol
mock/200003076_00106_1-1326_2296.jpg,67,349,208,476,symbol
mock/200003076_00106_1-1326_2296.jpg,91,488,198,684,symbol
mock/200003076_00106_1-1326_1148.jpg,506,397,567,445,symbol
mock/200003076_00106_1-1326_1148.jpg,321,435,370,502,symbol
mock/200003076_00106_1-1326_1148.jpg,479,464,576,541,symbol
mock/200003076_00106_1-1326_1148.jpg,277,342,396,420,symbol
mock/200003076_00106_1-1326_1148.jpg,106,376,199,462,symbol
mock/200003076_00106_1-1326_1148.jpg,477,57,558,148,symbol
mock/200003076_00106_1-1326_1148.jpg,277,100,415,194,symbol
mock/200003076_00106_1-1326_1148.jpg,101,112,189,213,symbol
mock/200003076_00106_1-1326_1148.jpg,482,165,587,266,symbol
mock/200003076_00106_1-1326_1148.jpg,488,546,566,654,symbol
mock/200003076_00106_1-1326_1148.jpg,293,645,378,753,symbol
mock/200003076_00106_1-1326_1148.jpg,476,278,580,389,symbol
mock/200003076_00106_1-1326_1148.jpg,311,514,384,635,symbol
mock/200003076_00106_1-1326_1148.jpg,274,214,376,341,symbol
mock/200003076_00106_1-1326_1148.jpg,53,675,225,810,symbol
mock/200003076_00106_1-1326_1148.jpg,311,767,378,903,symbol
mock/200003076_00106_1-1326_1148.jpg,101,214,172,353,symbol
mock/200003076_00106_1-1326_1148.jpg,81,825,188,987,symbol
mock/200003076_00106_1-1326_1148.jpg,103,477,209,640,symbol
mock/200003076_00106_1-663_2296.jpg,584,127,690,190,symbol
mock/200003076_00106_1-663_2296.jpg,89,177,158,242,symbol
mock/200003076_00106_1-663_2296.jpg,58,465,173,533,symbol
mock/200003076_00106_1-663_2296.jpg,439,551,472,620,symbol
mock/200003076_00106_1-663_2296.jpg,427,284,476,356,symbol
mock/200003076_00106_1-663_2296.jpg,238,517,336,591,symbol
mock/200003076_00106_1-663_2296.jpg,244,7,348,84,symbol
mock/200003076_00106_1-663_2296.jpg,424,617,517,695,symbol
mock/200003076_00106_1-663_2296.jpg,567,457,678,545,symbol
mock/200003076_00106_1-663_2296.jpg,105,357,149,446,symbol
mock/200003076_00106_1-663_2296.jpg,231,102,353,195,symbol
mock/200003076_00106_1-663_2296.jpg,768,256,845,351,symbol
mock/200003076_00106_1-663_2296.jpg,403,463,491,558,symbol
mock/200003076_00106_1-663_2296.jpg,258,607,341,703,symbol
mock/200003076_00106_1-663_2296.jpg,404,367,459,464,symbol
mock/200003076_00106_1-663_2296.jpg,104,489,145,588,symbol
mock/200003076_00106_1-663_2296.jpg,336,208,507,310,symbol
mock/200003076_00106_1-663_2296.jpg,68,257,172,364,symbol
mock/200003076_00106_1-663_2296.jpg,390,90,486,198,symbol
mock/200003076_00106_1-663_2296.jpg,105,589,176,702,symbol
mock/200003076_00106_1-663_2296.jpg,569,347,669,460,symbol
mock/200003076_00106_1-663_2296.jpg,280,371,314,492,symbol
mock/200003076_00106_1-663_2296.jpg,744,126,861,247,symbol
mock/200003076_00106_1-663_2296.jpg,730,349,871,476,symbol
mock/200003076_00106_1-663_2296.jpg,586,199,659,333,symbol
mock/200003076_00106_1-663_2296.jpg,71,23,173,157,symbol
mock/200003076_00106_1-663_2296.jpg,596,547,678,682,symbol
mock/200003076_00106_1-663_2296.jpg,239,208,331,357,symbol
mock/200003076_00106_1-663_2296.jpg,754,488,861,684,symbol
mock/200003076_00106_1-663_2296.jpg,397,514,410,716,symbol
mock/200003076_00106_1-0_1148.jpg,227,508,338,546,symbol
mock/200003076_00106_1-0_1148.jpg,720,5,806,54,symbol
mock/200003076_00106_1-0_1148.jpg,729,93,806,149,symbol
mock/200003076_00106_1-0_1148.jpg,715,314,818,370,symbol
mock/200003076_00106_1-0_1148.jpg,875,140,982,208,symbol
mock/200003076_00106_1-0_1148.jpg,917,488,983,562,symbol
mock/200003076_00106_1-0_1148.jpg,528,476,648,553,symbol
mock/200003076_00106_1-0_1148.jpg,345,338,486,417,symbol
mock/200003076_00106_1-0_1148.jpg,599,662,630,744,symbol
mock/200003076_00106_1-0_1148.jpg,76,583,164,667,symbol
mock/200003076_00106_1-0_1148.jpg,537,145,650,233,symbol
mock/200003076_00106_1-0_1148.jpg,378,440,487,530,symbol
mock/200003076_00106_1-0_1148.jpg,67,759,157,852,symbol
mock/200003076_00106_1-0_1148.jpg,84,472,164,566,symbol
mock/200003076_00106_1-0_1148.jpg,723,181,845,276,symbol
mock/200003076_00106_1-0_1148.jpg,898,579,1000,676,symbol
mock/200003076_00106_1-0_1148.jpg,343,208,496,306,symbol
mock/200003076_00106_1-0_1148.jpg,740,814,815,914,symbol
mock/200003076_00106_1-0_1148.jpg,67,866,161,967,symbol
mock/200003076_00106_1-0_1148.jpg,254,366,305,468,symbol
mock/200003076_00106_1-0_1148.jpg,557,356,635,462,symbol
mock/200003076_00106_1-0_1148.jpg,96,655,128,762,symbol
mock/200003076_00106_1-0_1148.jpg,584,757,632,865,symbol
mock/200003076_00106_1-0_1148.jpg,593,37,614,146,symbol
mock/200003076_00106_1-0_1148.jpg,914,202,970,311,symbol
mock/200003076_00106_1-0_1148.jpg,891,830,1003,939,symbol
mock/200003076_00106_1-0_1148.jpg,560,236,638,346,symbol
mock/200003076_00106_1-0_1148.jpg,557,880,655,990,symbol
mock/200003076_00106_1-0_1148.jpg,231,649,350,759,symbol
mock/200003076_00106_1-0_1148.jpg,96,232,140,346,symbol
mock/200003076_00106_1-0_1148.jpg,230,62,323,177,symbol
mock/200003076_00106_1-0_1148.jpg,876,8,976,125,symbol
mock/200003076_00106_1-0_1148.jpg,91,106,147,224,symbol
mock/200003076_00106_1-0_1148.jpg,888,680,1016,804,symbol
mock/200003076_00106_1-0_1148.jpg,404,683,467,808,symbol
mock/200003076_00106_1-0_1148.jpg,394,542,450,668,symbol
mock/200003076_00106_1-0_1148.jpg,551,563,661,691,symbol
mock/200003076_00106_1-0_1148.jpg,233,232,308,364,symbol
mock/200003076_00106_1-0_1148.jpg,75,341,172,473,symbol
mock/200003076_00106_1-0_1148.jpg,715,397,838,529,symbol
mock/200003076_00106_1-0_1148.jpg,377,62,485,197,symbol
mock/200003076_00106_1-0_1148.jpg,382,820,515,956,symbol
mock/200003076_00106_1-0_1148.jpg,898,338,969,475,symbol
mock/200003076_00106_1-0_1148.jpg,237,791,356,928,symbol
mock/200003076_00106_1-0_1148.jpg,723,672,816,813,symbol
mock/200003076_00106_1-0_1148.jpg,702,546,809,691,symbol
mock/200003076_00106_1-1326_574.jpg,478,304,570,334,symbol
mock/200003076_00106_1-1326_574.jpg,506,971,567,1019,symbol
mock/200003076_00106_1-1326_574.jpg,479,483,580,549,symbol
mock/200003076_00106_1-1326_574.jpg,277,916,396,994,symbol
mock/200003076_00106_1-1326_574.jpg,291,332,382,411,symbol
mock/200003076_00106_1-1326_574.jpg,503,377,561,466,symbol
mock/200003076_00106_1-1326_574.jpg,477,631,558,722,symbol
mock/200003076_00106_1-1326_574.jpg,110,290,173,383,symbol
mock/200003076_00106_1-1326_574.jpg,277,674,415,768,symbol
mock/200003076_00106_1-1326_574.jpg,101,686,189,787,symbol
mock/200003076_00106_1-1326_574.jpg,482,739,587,840,symbol
mock/200003076_00106_1-1326_574.jpg,80,562,206,667,symbol
mock/200003076_00106_1-1326_574.jpg,263,89,386,195,symbol
mock/200003076_00106_1-1326_574.jpg,476,852,580,963,symbol
mock/200003076_00106_1-1326_574.jpg,277,533,393,652,symbol
mock/200003076_00106_1-1326_574.jpg,275,403,391,526,symbol
mock/200003076_00106_1-1326_574.jpg,274,788,376,915,symbol
mock/200003076_00106_1-1326_574.jpg,525,526,545,663,symbol
mock/200003076_00106_1-1326_574.jpg,101,788,172,927,symbol
mock/200003076_00106_1-1326_574.jpg,96,123,199,264,symbol
mock/200003076_00106_1-1326_574.jpg,290,170,408,315,symbol
mock/200003076_00106_1-1326_574.jpg,105,384,170,538,symbol
mock/200003076_00106_1-1326_0.jpg,478,878,570,908,symbol
mock/200003076_00106_1-1326_0.jpg,291,906,382,985,symbol
mock/200003076_00106_1-1326_0.jpg,110,864,173,957,symbol
mock/200003076_00106_1-1326_0.jpg,263,663,386,769,symbol
mock/200003076_00106_1-1326_0.jpg,254,514,406,652,symbol
mock/200003076_00106_1-1326_0.jpg,96,697,199,838,symbol
mock/200003076_00106_1-1326_0.jpg,290,744,408,889,symbol
mock/200003076_00106_1-1326_0.jpg,125,520,163,666,symbol
mock/200021644_00009_1-0_1028.jpg,530,571,620,624,symbol
mock/200021644_00009_1-0_1028.jpg,881,333,913,398,symbol
mock/200021644_00009_1-0_1028.jpg,539,215,595,281,symbol
mock/200021644_00009_1-0_1028.jpg,884,717,904,786,symbol
mock/200021644_00009_1-0_1028.jpg,695,470,753,541,symbol
mock/200021644_00009_1-0_1028.jpg,863,20,922,93,symbol
mock/200021644_00009_1-0_1028.jpg,730,81,745,158,symbol
mock/200021644_00009_1-0_1028.jpg,524,492,609,570,symbol
mock/200021644_00009_1-0_1028.jpg,867,252,921,333,symbol
mock/200021644_00009_1-0_1028.jpg,700,646,761,728,symbol
mock/200021644_00009_1-0_1028.jpg,709,264,737,347,symbol
mock/200021644_00009_1-0_1028.jpg,695,556,771,639,symbol
mock/200021644_00009_1-0_1028.jpg,857,869,945,953,symbol
mock/200021644_00009_1-0_1028.jpg,886,786,908,873,symbol
mock/200021644_00009_1-0_1028.jpg,876,411,922,498,symbol
mock/200021644_00009_1-0_1028.jpg,373,26,448,117,symbol
mock/200021644_00009_1-0_1028.jpg,858,513,936,604,symbol
mock/200021644_00009_1-0_1028.jpg,545,399,590,492,symbol
mock/200021644_00009_1-0_1028.jpg,860,616,940,710,symbol
mock/200021644_00009_1-0_1028.jpg,698,366,773,461,symbol
mock/200021644_00009_1-0_1028.jpg,530,298,615,396,symbol
mock/200021644_00009_1-0_1028.jpg,689,855,775,956,symbol
mock/200021644_00009_1-0_1028.jpg,563,107,578,211,symbol
mock/200021644_00009_1-0_1028.jpg,705,740,756,845,symbol
mock/200021644_00009_1-0_1028.jpg,718,140,731,251,symbol
mock/200021644_00009_1-0_1028.jpg,361,857,456,969,symbol
mock/200021644_00009_1-0_1028.jpg,355,732,462,844,symbol
mock/200021644_00009_1-0_1028.jpg,350,603,460,719,symbol
mock/200021644_00009_1-0_1028.jpg,361,135,468,255,symbol
mock/200021644_00009_1-0_1028.jpg,858,102,940,236,symbol
mock/200021644_00009_1-0_1028.jpg,567,625,583,788,symbol
mock/200021644_00009_1-0_514.jpg,697,453,756,488,symbol
mock/200021644_00009_1-0_514.jpg,536,50,612,113,symbol
mock/200021644_00009_1-0_514.jpg,881,847,913,912,symbol
mock/200021644_00009_1-0_514.jpg,539,729,595,795,symbol
mock/200021644_00009_1-0_514.jpg,714,274,743,346,symbol
mock/200021644_00009_1-0_514.jpg,863,534,922,607,symbol
mock/200021644_00009_1-0_514.jpg,892,259,912,335,symbol
mock/200021644_00009_1-0_514.jpg,730,595,745,672,symbol
mock/200021644_00009_1-0_514.jpg,867,45,946,124,symbol
mock/200021644_00009_1-0_514.jpg,867,766,921,847,symbol
mock/200021644_00009_1-0_514.jpg,709,778,737,861,symbol
mock/200021644_00009_1-0_514.jpg,861,346,940,429,symbol
mock/200021644_00009_1-0_514.jpg,876,925,922,1012,symbol
mock/200021644_00009_1-0_514.jpg,684,353,775,441,symbol
mock/200021644_00009_1-0_514.jpg,693,182,763,273,symbol
mock/200021644_00009_1-0_514.jpg,373,540,448,631,symbol
mock/200021644_00009_1-0_514.jpg,545,913,590,1006,symbol
mock/200021644_00009_1-0_514.jpg,698,880,773,975,symbol
mock/200021644_00009_1-0_514.jpg,357,288,460,385,symbol
mock/200021644_00009_1-0_514.jpg,530,812,615,910,symbol
mock/200021644_00009_1-0_514.jpg,543,247,611,346,symbol
mock/200021644_00009_1-0_514.jpg,367,168,466,267,symbol
mock/200021644_00009_1-0_514.jpg,687,492,767,595,symbol
mock/200021644_00009_1-0_514.jpg,563,621,578,725,symbol
mock/200021644_00009_1-0_514.jpg,365,414,451,519,symbol
mock/200021644_00009_1-0_514.jpg,866,423,943,529,symbol
mock/200021644_00009_1-0_514.jpg,718,654,731,765,symbol
mock/200021644_00009_1-0_514.jpg,553,362,587,474,symbol
mock/200021644_00009_1-0_514.jpg,534,131,613,246,symbol
mock/200021644_00009_1-0_514.jpg,877,139,935,259,symbol
mock/200021644_00009_1-0_514.jpg,361,649,468,769,symbol
mock/200021644_00009_1-0_514.jpg,534,483,610,614,symbol
mock/200021644_00009_1-0_514.jpg,858,616,940,750,symbol
mock/200021644_00009_1-0_514.jpg,693,33,775,168,symbol
mock/200021644_00009_1-0_2056.jpg,863,87,944,138,symbol
mock/200021644_00009_1-0_2056.jpg,861,379,934,441,symbol
mock/200021644_00009_1-0_2056.jpg,714,700,746,772,symbol
mock/200021644_00009_1-0_2056.jpg,868,690,923,767,symbol
mock/200021644_00009_1-0_2056.jpg,716,250,753,329,symbol
mock/200021644_00009_1-0_2056.jpg,847,16,945,95,symbol
mock/200021644_00009_1-0_2056.jpg,701,34,775,117,symbol
mock/200021644_00009_1-0_2056.jpg,744,630,754,714,symbol
mock/200021644_00009_1-0_2056.jpg,696,541,775,635,symbol
mock/200021644_00009_1-0_2056.jpg,357,65,468,159,symbol
mock/200021644_00009_1-0_2056.jpg,721,445,751,541,symbol
mock/200021644_00009_1-0_2056.jpg,369,169,460,265,symbol
mock/200021644_00009_1-0_2056.jpg,852,266,945,367,symbol
mock/200021644_00009_1-0_2056.jpg,865,587,923,689,symbol
mock/200021644_00009_1-0_2056.jpg,844,148,934,250,symbol
mock/200021644_00009_1-0_2056.jpg,850,464,942,577,symbol
mock/200021644_00009_1-0_2056.jpg,692,120,772,234,symbol
mock/200021644_00009_1-0_2056.jpg,701,329,767,445,symbol
mock/200021644_00009_1-0_2056.jpg,362,282,466,411,symbol
mock/200021644_00009_1-915_1542.jpg,450,381,500,409,symbol
mock/200021644_00009_1-915_1542.jpg,112,954,177,990,symbol
mock/200021644_00009_1-915_1542.jpg,441,198,498,255,symbol
mock/200021644_00009_1-915_1542.jpg,450,932,484,991,symbol
mock/200021644_00009_1-915_1542.jpg,602,609,658,671,symbol
mock/200021644_00009_1-915_1542.jpg,435,749,509,811,symbol
mock/200021644_00009_1-915_1542.jpg,269,433,343,499,symbol
mock/200021644_00009_1-915_1542.jpg,779,347,811,415,symbol
mock/200021644_00009_1-915_1542.jpg,616,871,643,942,symbol
mock/200021644_00009_1-915_1542.jpg,283,149,322,220,symbol
mock/200021644_00009_1-915_1542.jpg,290,77,309,149,symbol
mock/200021644_00009_1-915_1542.jpg,118,767,164,840,symbol
mock/200021644_00009_1-915_1542.jpg,122,12,168,89,symbol
mock/200021644_00009_1-915_1542.jpg,599,794,657,871,symbol
mock/200021644_00009_1-915_1542.jpg,594,294,655,371,symbol
mock/200021644_00009_1-915_1542.jpg,761,50,820,128,symbol
mock/200021644_00009_1-915_1542.jpg,100,89,169,170,symbol
mock/200021644_00009_1-915_1542.jpg,108,283,188,364,symbol
mock/200021644_00009_1-915_1542.jpg,133,684,179,767,symbol
mock/200021644_00009_1-915_1542.jpg,424,527,515,611,symbol
mock/200021644_00009_1-915_1542.jpg,128,495,155,580,symbol
mock/200021644_00009_1-915_1542.jpg,762,261,828,347,symbol
mock/200021644_00009_1-915_1542.jpg,441,826,504,913,symbol
mock/200021644_00009_1-915_1542.jpg,586,692,680,779,symbol
mock/200021644_00009_1-915_1542.jpg,105,857,200,946,symbol
mock/200021644_00009_1-915_1542.jpg,592,385,671,475,symbol
mock/200021644_00009_1-915_1542.jpg,425,269,503,360,symbol
mock/200021644_00009_1-915_1542.jpg,418,420,509,512,symbol
mock/200021644_00009_1-915_1542.jpg,108,580,179,675,symbol
mock/200021644_00009_1-915_1542.jpg,264,235,353,332,symbol
mock/200021644_00009_1-915_1542.jpg,279,332,340,430,symbol
mock/200021644_00009_1-915_1542.jpg,292,801,319,904,symbol
mock/200021644_00009_1-915_1542.jpg,586,488,674,591,symbol
mock/200021644_00009_1-915_1542.jpg,596,90,664,194,symbol
mock/200021644_00009_1-915_1542.jpg,616,194,644,305,symbol
mock/200021644_00009_1-915_1542.jpg,276,690,332,801,symbol
mock/200021644_00009_1-915_1542.jpg,420,621,516,732,symbol
mock/200021644_00009_1-915_1542.jpg,743,136,836,251,symbol
mock/200021644_00009_1-915_1542.jpg,428,63,521,184,symbol
mock/200021644_00009_1-915_1542.jpg,92,356,198,480,symbol
mock/200021644_00009_1-915_1542.jpg,762,608,821,749,symbol
mock/200021644_00009_1-915_1542.jpg,788,714,803,872,symbol
mock/200021644_00009_1-915_1542.jpg,266,515,344,677,symbol
mock/200021644_00009_1-915_1542.jpg,134,123,187,290,symbol
mock/200021644_00009_1-915_1542.jpg,761,426,832,600,symbol
mock/200021644_00009_1-915_0.jpg,107,456,190,468,symbol
mock/200021644_00009_1-915_0.jpg,597,459,678,477,symbol
mock/200021644_00009_1-915_0.jpg,445,953,505,992,symbol
mock/200021644_00009_1-915_0.jpg,442,781,496,832,symbol
mock/200021644_00009_1-915_0.jpg,114,800,172,858,symbol
mock/200021644_00009_1-915_0.jpg,606,803,661,862,symbol
mock/200021644_00009_1-915_0.jpg,295,835,341,909,symbol
mock/200021644_00009_1-915_0.jpg,287,909,327,986,symbol
mock/200021644_00009_1-915_0.jpg,755,809,833,888,symbol
mock/200021644_00009_1-915_0.jpg,264,763,356,842,symbol
mock/200021644_00009_1-915_0.jpg,436,677,500,763,symbol
mock/200021644_00009_1-915_0.jpg,294,675,329,763,symbol
mock/200021644_00009_1-915_0.jpg,596,695,667,783,symbol
mock/200021644_00009_1-915_0.jpg,105,690,175,783,symbol
mock/200021644_00009_1-915_0.jpg,423,848,510,941,symbol
mock/200021644_00009_1-915_0.jpg,766,895,816,992,symbol
mock/200021644_00009_1-915_0.jpg,750,701,831,798,symbol
mock/200021644_00009_1-915_0.jpg,427,550,503,654,symbol
mock/200021644_00009_1-915_0.jpg,94,869,183,975,symbol
mock/200021644_00009_1-915_0.jpg,268,557,355,664,symbol
mock/200021644_00009_1-915_0.jpg,593,552,670,673,symbol
mock/200021644_00009_1-915_0.jpg,105,544,180,672,symbol
mock/200021644_00009_1-915_0.jpg,582,878,670,1011,symbol
mock/200021644_00009_1-915_0.jpg,751,560,830,696,symbol
mock/200021644_00009_1-0_1542.jpg,863,601,944,652,symbol
mock/200021644_00009_1-0_1542.jpg,530,57,620,110,symbol
mock/200021644_00009_1-0_1542.jpg,861,893,934,955,symbol
mock/200021644_00009_1-0_1542.jpg,884,203,904,272,symbol
mock/200021644_00009_1-0_1542.jpg,716,764,753,843,symbol
mock/200021644_00009_1-0_1542.jpg,847,530,945,609,symbol
mock/200021644_00009_1-0_1542.jpg,700,132,761,214,symbol
mock/200021644_00009_1-0_1542.jpg,701,548,775,631,symbol
mock/200021644_00009_1-0_1542.jpg,695,42,771,125,symbol
mock/200021644_00009_1-0_1542.jpg,857,355,945,439,symbol
mock/200021644_00009_1-0_1542.jpg,709,447,754,533,symbol
mock/200021644_00009_1-0_1542.jpg,886,272,908,359,symbol
mock/200021644_00009_1-0_1542.jpg,875,443,915,530,symbol
mock/200021644_00009_1-0_1542.jpg,860,102,940,196,symbol
mock/200021644_00009_1-0_1542.jpg,357,579,468,673,symbol
mock/200021644_00009_1-0_1542.jpg,369,683,460,779,symbol
mock/200021644_00009_1-0_1542.jpg,689,341,775,442,symbol
mock/200021644_00009_1-0_1542.jpg,370,471,457,572,symbol
mock/200021644_00009_1-0_1542.jpg,852,780,945,881,symbol
mock/200021644_00009_1-0_1542.jpg,844,662,934,764,symbol
mock/200021644_00009_1-0_1542.jpg,705,226,756,331,symbol
mock/200021644_00009_1-0_1542.jpg,361,343,456,455,symbol
mock/200021644_00009_1-0_1542.jpg,355,218,462,330,symbol
mock/200021644_00009_1-0_1542.jpg,692,634,772,748,symbol
mock/200021644_00009_1-0_1542.jpg,701,843,767,959,symbol
mock/200021644_00009_1-0_1542.jpg,350,89,460,205,symbol
mock/200021644_00009_1-0_1542.jpg,362,796,466,925,symbol
mock/200021644_00009_1-0_1542.jpg,567,111,583,274,symbol
mock/200021644_00009_1-915_1028.jpg,450,895,500,923,symbol
mock/200021644_00009_1-915_1028.jpg,278,335,333,369,symbol
mock/200021644_00009_1-915_1028.jpg,441,712,498,769,symbol
mock/200021644_00009_1-915_1028.jpg,759,75,817,133,symbol
mock/200021644_00009_1-915_1028.jpg,431,206,501,267,symbol
mock/200021644_00009_1-915_1028.jpg,269,947,343,1013,symbol
mock/200021644_00009_1-915_1028.jpg,779,861,811,929,symbol
mock/200021644_00009_1-915_1028.jpg,436,496,510,565,symbol
mock/200021644_00009_1-915_1028.jpg,283,663,322,734,symbol
mock/200021644_00009_1-915_1028.jpg,290,591,309,663,symbol
mock/200021644_00009_1-915_1028.jpg,289,246,321,319,symbol
mock/200021644_00009_1-915_1028.jpg,621,176,643,251,symbol
mock/200021644_00009_1-915_1028.jpg,122,526,168,603,symbol
mock/200021644_00009_1-915_1028.jpg,594,808,655,885,symbol
mock/200021644_00009_1-915_1028.jpg,761,564,820,642,symbol
mock/200021644_00009_1-915_1028.jpg,100,603,169,684,symbol
mock/200021644_00009_1-915_1028.jpg,108,797,188,878,symbol
mock/200021644_00009_1-915_1028.jpg,777,355,811,437,symbol
mock/200021644_00009_1-915_1028.jpg,762,775,828,861,symbol
mock/200021644_00009_1-915_1028.jpg,128,297,153,384,symbol
mock/200021644_00009_1-915_1028.jpg,438,388,511,475,symbol
mock/200021644_00009_1-915_1028.jpg,741,261,836,348,symbol
mock/200021644_00009_1-915_1028.jpg,592,899,671,989,symbol
mock/200021644_00009_1-915_1028.jpg,425,783,503,874,symbol
mock/200021644_00009_1-915_1028.jpg,258,490,345,586,symbol
mock/200021644_00009_1-915_1028.jpg,264,749,353,846,symbol
mock/200021644_00009_1-915_1028.jpg,279,846,340,944,symbol
mock/200021644_00009_1-915_1028.jpg,617,492,641,593,symbol
mock/200021644_00009_1-915_1028.jpg,596,604,664,708,symbol
mock/200021644_00009_1-915_1028.jpg,753,452,832,556,symbol
mock/200021644_00009_1-915_1028.jpg,742,148,832,252,symbol
mock/200021644_00009_1-915_1028.jpg,434,281,502,388,symbol
mock/200021644_00009_1-915_1028.jpg,622,382,639,492,symbol
mock/200021644_00009_1-915_1028.jpg,616,708,644,819,symbol
mock/200021644_00009_1-915_1028.jpg,582,267,670,378,symbol
mock/200021644_00009_1-915_1028.jpg,743,650,836,765,symbol
mock/200021644_00009_1-915_1028.jpg,125,384,158,501,symbol
mock/200021644_00009_1-915_1028.jpg,102,168,180,286,symbol
mock/200021644_00009_1-915_1028.jpg,265,369,348,487,symbol
mock/200021644_00009_1-915_1028.jpg,428,577,521,698,symbol
mock/200021644_00009_1-915_1028.jpg,100,53,182,175,symbol
mock/200021644_00009_1-915_1028.jpg,92,870,198,994,symbol
mock/200021644_00009_1-915_1028.jpg,590,49,665,176,symbol
mock/200021644_00009_1-915_1028.jpg,264,99,346,229,symbol
mock/200021644_00009_1-915_1028.jpg,424,61,510,193,symbol
mock/200021644_00009_1-915_1028.jpg,134,637,187,804,symbol
mock/200021644_00009_1-915_514.jpg,278,849,333,883,symbol
mock/200021644_00009_1-915_514.jpg,599,513,660,551,symbol
mock/200021644_00009_1-915_514.jpg,445,439,505,478,symbol
mock/200021644_00009_1-915_514.jpg,442,267,496,318,symbol
mock/200021644_00009_1-915_514.jpg,114,286,172,344,symbol
mock/200021644_00009_1-915_514.jpg,759,589,817,647,symbol
mock/200021644_00009_1-915_514.jpg,606,289,661,348,symbol
mock/200021644_00009_1-915_514.jpg,431,720,501,781,symbol
mock/200021644_00009_1-915_514.jpg,289,760,321,833,symbol
mock/200021644_00009_1-915_514.jpg,436,487,508,560,symbol
mock/200021644_00009_1-915_514.jpg,295,321,341,395,symbol
mock/200021644_00009_1-915_514.jpg,621,690,643,765,symbol
mock/200021644_00009_1-915_514.jpg,287,395,327,472,symbol
mock/200021644_00009_1-915_514.jpg,755,295,833,374,symbol
mock/200021644_00009_1-915_514.jpg,264,249,356,328,symbol
mock/200021644_00009_1-915_514.jpg,777,869,811,951,symbol
mock/200021644_00009_1-915_514.jpg,436,163,500,249,symbol
mock/200021644_00009_1-915_514.jpg,128,811,153,898,symbol
mock/200021644_00009_1-915_514.jpg,438,902,511,989,symbol
mock/200021644_00009_1-915_514.jpg,741,775,836,862,symbol
mock/200021644_00009_1-915_514.jpg,294,161,329,249,symbol
mock/200021644_00009_1-915_514.jpg,596,181,667,269,symbol
mock/200021644_00009_1-915_514.jpg,120,465,168,556,symbol
mock/200021644_00009_1-915_514.jpg,105,176,175,269,symbol
mock/200021644_00009_1-915_514.jpg,423,334,510,427,symbol
mock/200021644_00009_1-915_514.jpg,766,381,816,478,symbol
mock/200021644_00009_1-915_514.jpg,750,187,831,284,symbol
mock/200021644_00009_1-915_514.jpg,784,478,801,577,symbol
mock/200021644_00009_1-915_514.jpg,427,36,503,140,symbol
mock/200021644_00009_1-915_514.jpg,742,662,832,766,symbol
mock/200021644_00009_1-915_514.jpg,94,355,183,461,symbol
mock/200021644_00009_1-915_514.jpg,434,795,502,902,symbol
mock/200021644_00009_1-915_514.jpg,268,43,355,150,symbol
mock/200021644_00009_1-915_514.jpg,622,896,639,1006,symbol
mock/200021644_00009_1-915_514.jpg,582,781,670,892,symbol
mock/200021644_00009_1-915_514.jpg,273,486,326,600,symbol
mock/200021644_00009_1-915_514.jpg,125,898,158,1015,symbol
mock/200021644_00009_1-915_514.jpg,102,682,180,800,symbol
mock/200021644_00009_1-915_514.jpg,265,883,348,1001,symbol
mock/200021644_00009_1-915_514.jpg,593,38,670,159,symbol
mock/200021644_00009_1-915_514.jpg,100,567,182,689,symbol
mock/200021644_00009_1-915_514.jpg,590,563,665,690,symbol
mock/200021644_00009_1-915_514.jpg,105,30,180,158,symbol
mock/200021644_00009_1-915_514.jpg,264,613,346,743,symbol
mock/200021644_00009_1-915_514.jpg,424,575,510,707,symbol
mock/200021644_00009_1-915_514.jpg,582,364,670,497,symbol
mock/200021644_00009_1-915_514.jpg,751,46,830,182,symbol
mock/200021644_00009_1-0_0.jpg,697,967,756,1002,symbol
mock/200021644_00009_1-0_0.jpg,536,564,612,627,symbol
mock/200021644_00009_1-0_0.jpg,714,788,743,860,symbol
mock/200021644_00009_1-0_0.jpg,892,773,912,849,symbol
mock/200021644_00009_1-0_0.jpg,867,559,946,638,symbol
mock/200021644_00009_1-0_0.jpg,861,860,940,943,symbol
mock/200021644_00009_1-0_0.jpg,684,867,775,955,symbol
mock/200021644_00009_1-0_0.jpg,693,696,763,787,symbol
mock/200021644_00009_1-0_0.jpg,357,802,460,899,symbol
mock/200021644_00009_1-0_0.jpg,543,761,611,860,symbol
mock/200021644_00009_1-0_0.jpg,367,682,466,781,symbol
mock/200021644_00009_1-0_0.jpg,553,876,587,988,symbol
mock/200021644_00009_1-0_0.jpg,534,645,613,760,symbol
mock/200021644_00009_1-0_0.jpg,877,653,935,773,symbol
mock/200021644_00009_1-0_0.jpg,693,547,775,682,symbol
mock/200021644_00009_1-915_2056.jpg,103,494,185,516,symbol
mock/200021644_00009_1-915_2056.jpg,445,740,501,771,symbol
mock/200021644_00009_1-915_2056.jpg,112,440,177,476,symbol
mock/200021644_00009_1-915_2056.jpg,144,516,177,557,symbol
mock/200021644_00009_1-915_2056.jpg,132,726,167,783,symbol
mock/200021644_00009_1-915_2056.jpg,450,418,484,477,symbol
mock/200021644_00009_1-915_2056.jpg,602,95,658,157,symbol
mock/200021644_00009_1-915_2056.jpg,435,235,509,297,symbol
mock/200021644_00009_1-915_2056.jpg,115,661,171,726,symbol
mock/200021644_00009_1-915_2056.jpg,616,357,643,428,symbol
mock/200021644_00009_1-915_2056.jpg,424,487,504,558,symbol
mock/200021644_00009_1-915_2056.jpg,118,253,164,326,symbol
mock/200021644_00009_1-915_2056.jpg,599,280,657,357,symbol
mock/200021644_00009_1-915_2056.jpg,434,642,507,719,symbol
mock/200021644_00009_1-915_2056.jpg,595,696,663,776,symbol
mock/200021644_00009_1-915_2056.jpg,133,170,179,253,symbol
mock/200021644_00009_1-915_2056.jpg,424,13,515,97,symbol
mock/200021644_00009_1-915_2056.jpg,623,611,638,696,symbol
mock/200021644_00009_1-915_2056.jpg,453,565,480,650,symbol
mock/200021644_00009_1-915_2056.jpg,441,312,504,399,symbol
mock/200021644_00009_1-915_2056.jpg,586,178,680,265,symbol
mock/200021644_00009_1-915_2056.jpg,97,572,188,661,symbol
mock/200021644_00009_1-915_2056.jpg,105,343,200,432,symbol
mock/200021644_00009_1-915_2056.jpg,585,548,667,641,symbol
mock/200021644_00009_1-915_2056.jpg,108,66,179,161,symbol
mock/200021644_00009_1-915_2056.jpg,585,439,679,540,symbol
mock/200021644_00009_1-915_2056.jpg,292,287,319,390,symbol
mock/200021644_00009_1-915_2056.jpg,276,176,332,287,symbol
mock/200021644_00009_1-915_2056.jpg,420,107,516,218,symbol
mock/200021644_00009_1-915_2056.jpg,762,94,821,235,symbol
mock/200021644_00009_1-915_2056.jpg,788,200,803,358,symbol
mock/200021644_00009_1-915_2056.jpg,266,1,344,163,symbol
