mock/100249537_00007_1-0_0.jpg,229,851,401,993,symbol
mock/100249537_00007_1-0_1019.jpg,543,106,699,262,symbol
mock/100249537_00007_1-0_1019.jpg,575,280,657,438,symbol
mock/100249537_00007_1-0_1019.jpg,867,65,964,239,symbol
mock/100249537_00007_1-0_1019.jpg,858,269,1008,469,symbol
mock/100249537_00007_1-0_1019.jpg,230,73,396,287,symbol
mock/100249537_00007_1-850_1019.jpg,612,31,768,187,symbol
mock/100249537_00007_1-850_1019.jpg,17,65,114,239,symbol
mock/100249537_00007_1-850_1019.jpg,298,282,477,458,symbol
mock/100249537_00007_1-850_1019.jpg,293,73,455,257,symbol
mock/100249537_00007_1-850_1019.jpg,637,202,747,398,symbol
mock/100249537_00007_1-850_1019.jpg,8,269,158,469,symbol
mock/100249537_00007_1-850_1019.jpg,618,402,754,614,symbol
mock/100249537_00009_2-870_2014.jpg,8,339,113,432,symbol
mock/100249537_00009_2-870_2014.jpg,31,647,85,748,symbol
mock/100249537_00009_2-870_2014.jpg,186,642,277,743,symbol
mock/100249537_00009_2-870_2014.jpg,13,194,107,299,symbol
mock/100249537_00009_2-870_2014.jpg,173,185,306,293,symbol
mock/100249537_00009_2-870_2014.jpg,196,411,288,521,symbol
mock/100249537_00009_2-870_2014.jpg,25,61,97,192,symbol
mock/100249537_00009_2-870_2014.jpg,169,515,276,652,symbol
mock/100249537_00009_2-870_2014.jpg,163,46,266,184,symbol
mock/100249537_00009_2-870_2014.jpg,180,267,304,405,symbol
mock/100249537_00009_2-870_2014.jpg,9,459,118,634,symbol
mock/100249537_00009_2-0_0.jpg,555,974,659,1021,symbol
mock/100249537_00009_2-0_0.jpg,529,875,652,965,symbol
mock/100249537_00009_2-0_0.jpg,728,653,781,756,symbol
mock/100249537_00009_2-0_0.jpg,551,741,638,852,symbol
mock/100249537_00009_2-0_0.jpg,732,900,780,1016,symbol
mock/100249537_00009_2-0_0.jpg,710,765,809,881,symbol
mock/100249537_00009_2-0_0.jpg,727,538,795,656,symbol
mock/100249537_00009_2-0_0.jpg,905,547,983,711,symbol
mock/100249537_00009_2-0_0.jpg,893,735,985,925,symbol
mock/100249537_00009_2-0_0.jpg,536,540,644,742,symbol
mock/100249537_00009_2-870_0.jpg,201,864,288,973,symbol
mock/100249537_00009_2-870_0.jpg,175,701,317,835,symbol
mock/100249537_00009_2-870_0.jpg,204,547,284,686,symbol
mock/100249537_00009_2-870_0.jpg,696,767,842,912,symbol
mock/100249537_00009_2-870_0.jpg,35,547,113,711,symbol
mock/100249537_00009_2-870_0.jpg,23,735,115,925,symbol
mock/100249537_00009_2-870_0.jpg,690,567,850,764,symbol
mock/100249537_00009_2-0_1007.jpg,744,312,810,342,symbol
mock/100249537_00009_2-0_1007.jpg,889,343,984,419,symbol
mock/100249537_00009_2-0_1007.jpg,735,9,803,87,symbol
mock/100249537_00009_2-0_1007.jpg,520,650,644,742,symbol
mock/100249537_00009_2-0_1007.jpg,572,14,623,107,symbol
mock/100249537_00009_2-0_1007.jpg,690,575,820,669,symbol
mock/100249537_00009_2-0_1007.jpg,719,694,795,790,symbol
mock/100249537_00009_2-0_1007.jpg,738,340,776,444,symbol
mock/100249537_00009_2-0_1007.jpg,708,202,801,306,symbol
mock/100249537_00009_2-0_1007.jpg,886,526,965,632,symbol
mock/100249537_00009_2-0_1007.jpg,943,430,977,537,symbol
mock/100249537_00009_2-0_1007.jpg,877,806,992,918,symbol
mock/100249537_00009_2-0_1007.jpg,703,87,817,202,symbol
mock/100249537_00009_2-0_1007.jpg,537,240,637,358,symbol
mock/100249537_00009_2-0_1007.jpg,721,445,767,566,symbol
mock/100249537_00009_2-0_1007.jpg,572,339,627,465,symbol
mock/100249537_00009_2-0_1007.jpg,520,741,665,870,symbol
mock/100249537_00009_2-0_1007.jpg,559,103,611,233,symbol
mock/100249537_00009_2-0_1007.jpg,873,203,1011,334,symbol
mock/100249537_00009_2-0_1007.jpg,873,42,998,200,symbol
mock/100249537_00009_2-0_1007.jpg,873,648,995,811,symbol
mock/100249537_00009_2-0_1007.jpg,240,84,441,264,symbol
mock/100249537_00009_2-0_1007.jpg,701,807,811,991,symbol
mock/100249537_00009_2-0_1007.jpg,517,466,633,652,symbol
mock/100249537_00009_2-0_1007.jpg,254,317,408,529,symbol
mock/100249537_00015_2-858_1009.jpg,211,181,236,241,symbol
mock/100249537_00015_2-858_1009.jpg,345,282,462,356,symbol
mock/100249537_00015_2-858_1009.jpg,344,875,456,958,symbol
mock/100249537_00015_2-858_1009.jpg,387,149,454,238,symbol
mock/100249537_00015_2-858_1009.jpg,336,368,463,462,symbol
mock/100249537_00015_2-858_1009.jpg,345,95,448,192,symbol
mock/100249537_00015_2-858_1009.jpg,355,617,443,717,symbol
mock/100249537_00015_2-858_1009.jpg,196,363,245,469,symbol
mock/100249537_00015_2-858_1009.jpg,193,253,278,362,symbol
mock/100249537_00015_2-858_1009.jpg,334,728,471,862,symbol
mock/100249537_00015_2-858_1009.jpg,162,32,281,170,symbol
mock/100249537_00015_2-858_1009.jpg,336,465,457,608,symbol
mock/100249537_00015_2-858_1009.jpg,624,221,731,383,symbol
mock/100249537_00015_2-858_1009.jpg,601,396,736,574,symbol
mock/100249537_00015_2-858_1009.jpg,576,37,758,242,symbol
mock/200003076_00084_2-1226_2128.jpg,469,675,515,704,symbol
mock/200003076_00084_2-1226_2128.jpg,474,599,512,652,symbol
mock/200003076_00084_2-1226_2128.jpg,319,602,356,660,symbol
mock/200003076_00084_2-1226_2128.jpg,806,249,867,318,symbol
mock/200003076_00084_2-1226_2128.jpg,420,503,537,580,symbol
mock/200003076_00084_2-1226_2128.jpg,811,12,863,93,symbol
mock/200003076_00084_2-1226_2128.jpg,269,311,364,402,symbol
mock/200003076_00084_2-1226_2128.jpg,783,540,869,636,symbol
mock/200003076_00084_2-1226_2128.jpg,320,384,364,486,symbol
mock/200003076_00084_2-1226_2128.jpg,143,274,222,376,symbol
mock/200003076_00084_2-1226_2128.jpg,272,498,372,601,symbol
mock/200003076_00084_2-1226_2128.jpg,602,277,718,383,symbol
mock/200003076_00084_2-1226_2128.jpg,803,426,854,536,symbol
mock/200003076_00084_2-1226_2128.jpg,471,136,545,247,symbol
mock/200003076_00084_2-1226_2128.jpg,451,372,525,484,symbol
mock/200003076_00084_2-1226_2128.jpg,465,253,532,366,symbol
mock/200003076_00084_2-1226_2128.jpg,787,323,859,436,symbol
mock/200003076_00084_2-1226_2128.jpg,305,189,357,307,symbol
mock/200003076_00084_2-1226_2128.jpg,135,383,226,507,symbol
mock/200003076_00084_2-1226_2128.jpg,118,640,250,764,symbol
mock/200003076_00084_2-1226_2128.jpg,817,637,878,763,symbol
mock/200003076_00084_2-1226_2128.jpg,137,513,207,639,symbol
mock/200003076_00084_2-1226_2128.jpg,328,657,342,784,symbol
mock/200003076_00084_2-1226_2128.jpg,638,140,709,269,symbol
mock/200003076_00084_2-1226_2128.jpg,796,100,868,249,symbol
mock/200003076_00084_2-1226_2128.jpg,630,581,699,760,symbol
mock/200003076_00084_2-1226_2128.jpg,113,54,230,251,symbol
mock/200003076_00084_2-1226_2128.jpg,628,385,723,590,symbol
mock/200003076_00084_2-1226_2128.jpg,437,553,527,767,symbol
mock/200003076_00084_2-0_2128.jpg,491,709,574,761,symbol
mock/200003076_00084_2-0_2128.jpg,615,319,782,386,symbol
mock/200003076_00084_2-0_2128.jpg,303,460,437,552,symbol
mock/200003076_00084_2-0_2128.jpg,338,369,390,462,symbol
mock/200003076_00084_2-0_2128.jpg,308,274,393,368,symbol
mock/200003076_00084_2-0_2128.jpg,904,679,953,777,symbol
mock/200003076_00084_2-0_2128.jpg,691,494,747,594,symbol
mock/200003076_00084_2-0_2128.jpg,850,579,949,679,symbol
mock/200003076_00084_2-0_2128.jpg,696,401,750,503,symbol
mock/200003076_00084_2-0_2128.jpg,455,243,566,346,symbol
mock/200003076_00084_2-0_2128.jpg,841,209,954,312,symbol
mock/200003076_00084_2-0_2128.jpg,457,123,554,228,symbol
mock/200003076_00084_2-0_2128.jpg,314,161,396,268,symbol
mock/200003076_00084_2-0_2128.jpg,801,321,948,429,symbol
mock/200003076_00084_2-0_2128.jpg,895,91,920,206,symbol
mock/200003076_00084_2-0_2128.jpg,332,669,377,784,symbol
mock/200003076_00084_2-0_2128.jpg,279,41,416,158,symbol
mock/200003076_00084_2-0_2128.jpg,287,545,404,666,symbol
mock/200003076_00084_2-0_2128.jpg,623,162,793,291,symbol
mock/200003076_00084_2-0_2128.jpg,474,348,562,488,symbol
mock/200003076_00084_2-0_2128.jpg,653,604,775,752,symbol
mock/200003076_00084_2-0_2128.jpg,482,502,558,656,symbol
mock/200003076_00084_2-0_2128.jpg,861,418,947,581,symbol
mock/200003076_00084_2-0_1064.jpg,465,25,543,100,symbol
mock/200003076_00084_2-0_1064.jpg,268,679,393,755,symbol
mock/200003076_00084_2-0_1064.jpg,656,586,760,676,symbol
mock/200003076_00084_2-0_1064.jpg,471,587,578,683,symbol
mock/200003076_00084_2-0_1064.jpg,311,872,386,969,symbol
mock/200003076_00084_2-0_1064.jpg,681,460,757,558,symbol
mock/200003076_00084_2-0_1064.jpg,456,219,575,317,symbol
mock/200003076_00084_2-0_1064.jpg,636,915,764,1013,symbol
mock/200003076_00084_2-0_1064.jpg,665,791,765,892,symbol
mock/200003076_00084_2-0_1064.jpg,326,233,368,335,symbol
mock/200003076_00084_2-0_1064.jpg,816,731,950,835,symbol
mock/200003076_00084_2-0_1064.jpg,638,28,755,135,symbol
mock/200003076_00084_2-0_1064.jpg,317,346,392,462,symbol
mock/200003076_00084_2-0_1064.jpg,291,107,396,224,symbol
mock/200003076_00084_2-0_1064.jpg,516,677,577,796,symbol
mock/200003076_00084_2-0_1064.jpg,478,98,572,218,symbol
mock/200003076_00084_2-0_1064.jpg,314,749,348,870,symbol
mock/200003076_00084_2-0_1064.jpg,464,330,569,452,symbol
mock/200003076_00084_2-0_1064.jpg,430,458,579,580,symbol
mock/200003076_00084_2-0_1064.jpg,870,601,931,725,symbol
mock/200003076_00084_2-0_1064.jpg,658,334,767,460,symbol
mock/200003076_00084_2-0_1064.jpg,696,660,761,788,symbol
mock/200003076_00084_2-0_1064.jpg,860,467,943,600,symbol
mock/200003076_00084_2-0_1064.jpg,850,331,928,466,symbol
mock/200003076_00084_2-0_1064.jpg,838,855,958,1007,symbol
mock/200003076_00084_2-0_1064.jpg,647,152,764,310,symbol
mock/200003076_00084_2-0_1064.jpg,465,815,561,979,symbol
mock/200003076_00084_2-0_1064.jpg,294,469,398,653,symbol
mock/200003076_00084_2-0_1064.jpg,877,122,902,309,symbol
mock/200003076_00084_2-1226_1596.jpg,490,375,523,440,symbol
mock/200003076_00084_2-1226_1596.jpg,635,414,698,482,symbol
mock/200003076_00084_2-1226_1596.jpg,806,781,867,850,symbol
mock/200003076_00084_2-1226_1596.jpg,470,291,574,362,symbol
mock/200003076_00084_2-1226_1596.jpg,495,441,538,518,symbol
mock/200003076_00084_2-1226_1596.jpg,325,257,376,338,symbol
mock/200003076_00084_2-1226_1596.jpg,811,544,863,625,symbol
mock/200003076_00084_2-1226_1596.jpg,813,451,854,542,symbol
mock/200003076_00084_2-1226_1596.jpg,269,843,364,934,symbol
mock/200003076_00084_2-1226_1596.jpg,618,301,716,392,symbol
mock/200003076_00084_2-1226_1596.jpg,775,26,874,117,symbol
mock/200003076_00084_2-1226_1596.jpg,301,134,399,235,symbol
mock/200003076_00084_2-1226_1596.jpg,320,916,364,1018,symbol
mock/200003076_00084_2-1226_1596.jpg,143,806,222,908,symbol
mock/200003076_00084_2-1226_1596.jpg,127,208,236,310,symbol
mock/200003076_00084_2-1226_1596.jpg,111,327,230,430,symbol
mock/200003076_00084_2-1226_1596.jpg,602,809,718,915,symbol
mock/200003076_00084_2-1226_1596.jpg,471,668,545,779,symbol
mock/200003076_00084_2-1226_1596.jpg,340,4,370,116,symbol
mock/200003076_00084_2-1226_1596.jpg,451,904,525,1016,symbol
mock/200003076_00084_2-1226_1596.jpg,465,785,532,898,symbol
mock/200003076_00084_2-1226_1596.jpg,787,855,859,968,symbol
mock/200003076_00084_2-1226_1596.jpg,469,43,560,160,symbol
mock/200003076_00084_2-1226_1596.jpg,305,721,357,839,symbol
mock/200003076_00084_2-1226_1596.jpg,623,21,709,142,symbol
mock/200003076_00084_2-1226_1596.jpg,615,167,724,288,symbol
mock/200003076_00084_2-1226_1596.jpg,130,448,246,575,symbol
mock/200003076_00084_2-1226_1596.jpg,468,161,561,289,symbol
mock/200003076_00084_2-1226_1596.jpg,638,672,709,801,symbol
mock/200003076_00084_2-1226_1596.jpg,453,527,551,656,symbol
mock/200003076_00084_2-1226_1596.jpg,798,133,856,267,symbol
mock/200003076_00084_2-1226_1596.jpg,269,349,400,491,symbol
mock/200003076_00084_2-1226_1596.jpg,133,52,234,198,symbol
mock/200003076_00084_2-1226_1596.jpg,796,632,868,781,symbol
mock/200003076_00084_2-1226_1596.jpg,661,500,676,651,symbol
mock/200003076_00084_2-1226_1596.jpg,765,286,873,461,symbol
mock/200003076_00084_2-1226_1596.jpg,113,586,230,783,symbol
mock/200003076_00084_2-1226_1596.jpg,298,500,391,704,symbol
mock/200003076_00084_2-613_0.jpg,937,709,1004,751,symbol
mock/200003076_00084_2-613_0.jpg,82,613,145,661,symbol
mock/200003076_00084_2-613_0.jpg,53,699,169,775,symbol
mock/200003076_00084_2-613_0.jpg,383,445,501,521,symbol
mock/200003076_00084_2-613_0.jpg,774,695,843,774,symbol
mock/200003076_00084_2-613_0.jpg,553,889,665,974,symbol
mock/200003076_00084_2-613_0.jpg,237,446,340,541,symbol
mock/200003076_00084_2-613_0.jpg,802,783,829,886,symbol
mock/200003076_00084_2-613_0.jpg,453,703,481,808,symbol
mock/200003076_00084_2-613_0.jpg,745,418,858,524,symbol
mock/200003076_00084_2-613_0.jpg,709,888,851,994,symbol
mock/200003076_00084_2-613_0.jpg,251,840,336,951,symbol
mock/200003076_00084_2-613_0.jpg,765,547,860,666,symbol
mock/200003076_00084_2-613_0.jpg,922,786,1018,907,symbol
mock/200003076_00084_2-613_0.jpg,584,585,700,706,symbol
mock/200003076_00084_2-613_0.jpg,405,829,486,952,symbol
mock/200003076_00084_2-613_0.jpg,932,567,1020,692,symbol
mock/200003076_00084_2-613_0.jpg,283,542,337,673,symbol
mock/200003076_00084_2-613_0.jpg,26,799,136,932,symbol
mock/200003076_00084_2-613_0.jpg,263,702,330,837,symbol
mock/200003076_00084_2-613_0.jpg,411,562,499,699,symbol
mock/200003076_00084_2-613_0.jpg,576,431,683,579,symbol
mock/200003076_00084_2-613_0.jpg,588,711,662,863,symbol
mock/200003076_00084_2-613_0.jpg,78,441,169,600,symbol
mock/200003076_00084_2-613_532.jpg,762,783,818,822,symbol
mock/200003076_00084_2-613_532.jpg,937,177,1004,219,symbol
mock/200003076_00084_2-613_532.jpg,82,81,145,129,symbol
mock/200003076_00084_2-613_532.jpg,572,482,691,554,symbol
mock/200003076_00084_2-613_532.jpg,53,167,169,243,symbol
mock/200003076_00084_2-613_532.jpg,388,563,493,641,symbol
mock/200003076_00084_2-613_532.jpg,774,163,843,242,symbol
mock/200003076_00084_2-613_532.jpg,724,575,833,655,symbol
mock/200003076_00084_2-613_532.jpg,553,357,665,442,symbol
mock/200003076_00084_2-613_532.jpg,571,933,673,1024,symbol
mock/200003076_00084_2-613_532.jpg,929,653,1018,746,symbol
mock/200003076_00084_2-613_532.jpg,597,585,676,684,symbol
mock/200003076_00084_2-613_532.jpg,745,845,864,944,symbol
mock/200003076_00084_2-613_532.jpg,802,251,829,354,symbol
mock/200003076_00084_2-613_532.jpg,924,407,1000,510,symbol
mock/200003076_00084_2-613_532.jpg,453,171,481,276,symbol
mock/200003076_00084_2-613_532.jpg,709,356,851,462,symbol
mock/200003076_00084_2-613_532.jpg,783,463,812,570,symbol
mock/200003076_00084_2-613_532.jpg,25,560,142,667,symbol
mock/200003076_00084_2-613_532.jpg,417,433,471,543,symbol
mock/200003076_00084_2-613_532.jpg,410,655,518,765,symbol
mock/200003076_00084_2-613_532.jpg,251,308,336,419,symbol
mock/200003076_00084_2-613_532.jpg,206,415,326,526,symbol
mock/200003076_00084_2-613_532.jpg,945,513,980,626,symbol
mock/200003076_00084_2-613_532.jpg,702,662,836,778,symbol
mock/200003076_00084_2-613_532.jpg,921,773,1014,890,symbol
mock/200003076_00084_2-613_532.jpg,765,15,860,134,symbol
mock/200003076_00084_2-613_532.jpg,620,685,650,805,symbol
mock/200003076_00084_2-613_532.jpg,580,800,707,920,symbol
mock/200003076_00084_2-613_532.jpg,922,254,1018,375,symbol
mock/200003076_00084_2-613_532.jpg,584,53,700,174,symbol
mock/200003076_00084_2-613_532.jpg,232,531,354,652,symbol
mock/200003076_00084_2-613_532.jpg,405,297,486,420,symbol
mock/200003076_00084_2-613_532.jpg,932,35,1020,160,symbol
mock/200003076_00084_2-613_532.jpg,45,866,154,992,symbol
mock/200003076_00084_2-613_532.jpg,283,10,337,141,symbol
mock/200003076_00084_2-613_532.jpg,58,414,162,547,symbol
mock/200003076_00084_2-613_532.jpg,26,267,136,400,symbol
mock/200003076_00084_2-613_532.jpg,263,170,330,305,symbol
mock/200003076_00084_2-613_532.jpg,237,863,315,998,symbol
mock/200003076_00084_2-613_532.jpg,411,30,499,167,symbol
mock/200003076_00084_2-613_532.jpg,588,179,662,331,symbol
mock/200003076_00084_2-613_532.jpg,34,684,151,842,symbol
mock/200003076_00084_2-613_532.jpg,264,654,289,841,symbol
mock/200003076_00084_2-613_532.jpg,403,766,495,986,symbol
mock/200003076_00084_2-613_1596.jpg,2,851,169,918,symbol
mock/200003076_00084_2-613_1596.jpg,555,438,681,512,symbol
mock/200003076_00084_2-613_1596.jpg,938,257,989,338,symbol
mock/200003076_00084_2-613_1596.jpg,610,347,640,433,symbol
mock/200003076_00084_2-613_1596.jpg,564,752,681,839,symbol
mock/200003076_00084_2-613_1596.jpg,43,54,147,144,symbol
mock/200003076_00084_2-613_1596.jpg,882,843,977,934,symbol
mock/200003076_00084_2-613_1596.jpg,597,108,655,204,symbol
mock/200003076_00084_2-613_1596.jpg,560,652,665,748,symbol
mock/200003076_00084_2-613_1596.jpg,23,383,151,481,symbol
mock/200003076_00084_2-613_1596.jpg,416,477,498,577,symbol
mock/200003076_00084_2-613_1596.jpg,914,134,1012,235,symbol
mock/200003076_00084_2-613_1596.jpg,52,259,152,360,symbol
mock/200003076_00084_2-613_1596.jpg,933,916,977,1018,symbol
mock/200003076_00084_2-613_1596.jpg,756,806,835,908,symbol
mock/200003076_00084_2-613_1596.jpg,740,208,849,310,symbol
mock/200003076_00084_2-613_1596.jpg,228,741,341,844,symbol
mock/200003076_00084_2-613_1596.jpg,724,327,843,430,symbol
mock/200003076_00084_2-613_1596.jpg,203,199,337,303,symbol
mock/200003076_00084_2-613_1596.jpg,188,853,335,961,symbol
mock/200003076_00084_2-613_1596.jpg,953,4,983,116,symbol
mock/200003076_00084_2-613_1596.jpg,282,623,307,738,symbol
mock/200003076_00084_2-613_1596.jpg,413,594,499,710,symbol
mock/200003076_00084_2-613_1596.jpg,918,721,970,839,symbol
mock/200003076_00084_2-613_1596.jpg,436,861,481,980,symbol
mock/200003076_00084_2-613_1596.jpg,408,339,521,462,symbol
mock/200003076_00084_2-613_1596.jpg,257,69,318,193,symbol
mock/200003076_00084_2-613_1596.jpg,456,36,511,162,symbol
mock/200003076_00084_2-613_1596.jpg,743,448,859,575,symbol
mock/200003076_00084_2-613_1596.jpg,83,128,148,256,symbol
mock/200003076_00084_2-613_1596.jpg,10,694,180,823,symbol
mock/200003076_00084_2-613_1596.jpg,592,192,643,326,symbol
mock/200003076_00084_2-613_1596.jpg,587,513,634,651,symbol
mock/200003076_00084_2-613_1596.jpg,882,349,1013,491,symbol
mock/200003076_00084_2-613_1596.jpg,746,52,847,198,symbol
mock/200003076_00084_2-613_1596.jpg,225,323,345,475,symbol
mock/200003076_00084_2-613_1596.jpg,212,467,346,621,symbol
mock/200003076_00084_2-613_1596.jpg,408,718,513,880,symbol
mock/200003076_00084_2-613_1596.jpg,58,505,163,675,symbol
mock/200003076_00084_2-613_1596.jpg,610,833,632,1004,symbol
mock/200003076_00084_2-613_1596.jpg,420,159,543,343,symbol
mock/200003076_00084_2-613_1596.jpg,726,586,843,783,symbol
mock/200003076_00084_2-613_1596.jpg,911,500,1004,704,symbol
mock/200003076_00106_1-1326_1722.jpg,307,884,412,962,symbol
mock/200003076_00106_1-1326_1722.jpg,316,472,359,564,symbol
mock/200003076_00106_1-1326_1722.jpg,105,830,182,925,symbol
mock/200003076_00106_1-1326_1722.jpg,305,565,370,663,symbol
mock/200003076_00106_1-1326_1722.jpg,293,71,378,179,symbol
mock/200003076_00106_1-1326_1722.jpg,320,342,375,458,symbol
mock/200003076_00106_1-1326_1722.jpg,317,675,366,795,symbol
mock/200003076_00106_1-1326_1722.jpg,81,700,198,821,symbol
mock/200003076_00106_1-1326_1722.jpg,293,781,405,906,symbol
mock/200003076_00106_1-1326_1722.jpg,91,413,197,546,symbol
mock/200003076_00106_1-1326_1722.jpg,53,101,225,236,symbol
mock/200003076_00106_1-1326_1722.jpg,311,193,378,329,symbol
mock/200003076_00106_1-1326_1722.jpg,81,251,188,413,symbol
mock/200003076_00106_1-1326_1722.jpg,85,532,182,698,symbol
mock/200003076_00106_1-0_2296.jpg,233,342,351,401,symbol
mock/200003076_00106_1-0_2296.jpg,752,177,821,242,symbol
mock/200003076_00106_1-0_2296.jpg,568,503,664,571,symbol
mock/200003076_00106_1-0_2296.jpg,721,465,836,533,symbol
mock/200003076_00106_1-0_2296.jpg,219,254,338,323,symbol
mock/200003076_00106_1-0_2296.jpg,901,517,999,591,symbol
mock/200003076_00106_1-0_2296.jpg,907,7,1011,84,symbol
mock/200003076_00106_1-0_2296.jpg,768,357,812,446,symbol
mock/200003076_00106_1-0_2296.jpg,576,614,614,705,symbol
mock/200003076_00106_1-0_2296.jpg,894,102,1016,195,symbol
mock/200003076_00106_1-0_2296.jpg,426,610,494,704,symbol
mock/200003076_00106_1-0_2296.jpg,106,590,165,685,symbol
mock/200003076_00106_1-0_2296.jpg,609,584,641,680,symbol
mock/200003076_00106_1-0_2296.jpg,921,607,1004,703,symbol
mock/200003076_00106_1-0_2296.jpg,252,128,336,224,symbol
mock/200003076_00106_1-0_2296.jpg,767,489,808,588,symbol
mock/200003076_00106_1-0_2296.jpg,70,166,168,266,symbol
mock/200003076_00106_1-0_2296.jpg,601,151,629,254,symbol
mock/200003076_00106_1-0_2296.jpg,556,63,654,167,symbol
mock/200003076_00106_1-0_2296.jpg,85,46,181,153,symbol
mock/200003076_00106_1-0_2296.jpg,396,205,497,312,symbol
mock/200003076_00106_1-0_2296.jpg,731,257,835,364,symbol
mock/200003076_00106_1-0_2296.jpg,595,391,646,502,symbol
mock/200003076_00106_1-0_2296.jpg,256,4,333,115,symbol
mock/200003076_00106_1-0_2296.jpg,768,589,839,702,symbol
mock/200003076_00106_1-0_2296.jpg,404,318,500,434,symbol
mock/200003076_00106_1-0_2296.jpg,943,371,977,492,symbol
mock/200003076_00106_1-0_2296.jpg,570,274,665,397,symbol
mock/200003076_00106_1-0_2296.jpg,87,467,193,590,symbol
mock/200003076_00106_1-0_2296.jpg,248,572,372,700,symbol
mock/200003076_00106_1-0_2296.jpg,391,446,505,575,symbol
mock/200003076_00106_1-0_2296.jpg,376,64,508,193,symbol
mock/200003076_00106_1-0_2296.jpg,734,23,836,157,symbol
mock/200003076_00106_1-0_2296.jpg,243,414,362,549,symbol
mock/200003076_00106_1-0_2296.jpg,902,208,994,357,symbol
mock/200003076_00106_1-0_2296.jpg,71,290,175,454,symbol
mock/200003076_00106_1-0_1722.jpg,233,916,351,975,symbol
mock/200003076_00106_1-0_1722.jpg,752,751,821,816,symbol
mock/200003076_00106_1-0_1722.jpg,219,828,338,897,symbol
mock/200003076_00106_1-0_1722.jpg,907,581,1011,658,symbol
mock/200003076_00106_1-0_1722.jpg,599,88,630,170,symbol
mock/200003076_00106_1-0_1722.jpg,76,9,164,93,symbol
mock/200003076_00106_1-0_1722.jpg,590,523,634,609,symbol
mock/200003076_00106_1-0_1722.jpg,106,398,166,485,symbol
mock/200003076_00106_1-0_1722.jpg,768,931,812,1020,symbol
mock/200003076_00106_1-0_1722.jpg,586,434,669,524,symbol
mock/200003076_00106_1-0_1722.jpg,67,185,157,278,symbol
mock/200003076_00106_1-0_1722.jpg,894,676,1016,769,symbol
mock/200003076_00106_1-0_1722.jpg,252,702,336,798,symbol
mock/200003076_00106_1-0_1722.jpg,898,5,1000,102,symbol
mock/200003076_00106_1-0_1722.jpg,740,240,815,340,symbol
mock/200003076_00106_1-0_1722.jpg,70,740,168,840,symbol
mock/200003076_00106_1-0_1722.jpg,67,292,161,393,symbol
mock/200003076_00106_1-0_1722.jpg,395,392,504,494,symbol
mock/200003076_00106_1-0_1722.jpg,601,725,629,828,symbol
mock/200003076_00106_1-0_1722.jpg,556,637,654,741,symbol
mock/200003076_00106_1-0_1722.jpg,224,356,341,460,symbol
mock/200003076_00106_1-0_1722.jpg,96,81,128,188,symbol
mock/200003076_00106_1-0_1722.jpg,85,620,181,727,symbol
mock/200003076_00106_1-0_1722.jpg,396,779,497,886,symbol
mock/200003076_00106_1-0_1722.jpg,731,831,835,938,symbol
mock/200003076_00106_1-0_1722.jpg,584,183,632,291,symbol
mock/200003076_00106_1-0_1722.jpg,723,360,825,469,symbol
mock/200003076_00106_1-0_1722.jpg,891,256,1003,365,symbol
mock/200003076_00106_1-0_1722.jpg,557,306,655,416,symbol
mock/200003076_00106_1-0_1722.jpg,231,75,350,185,symbol
mock/200003076_00106_1-0_1722.jpg,256,578,333,689,symbol
mock/200003076_00106_1-0_1722.jpg,433,506,471,618,symbol
mock/200003076_00106_1-0_1722.jpg,404,892,500,1008,symbol
mock/200003076_00106_1-0_1722.jpg,76,501,178,619,symbol
mock/200003076_00106_1-0_1722.jpg,570,848,665,971,symbol
mock/200003076_00106_1-0_1722.jpg,888,106,1016,230,symbol
mock/200003076_00106_1-0_1722.jpg,404,109,467,234,symbol
mock/200003076_00106_1-0_1722.jpg,271,448,311,574,symbol
mock/200003076_00106_1-0_1722.jpg,729,480,847,606,symbol
mock/200003076_00106_1-0_1722.jpg,376,638,508,767,symbol
mock/200003076_00106_1-0_1722.jpg,734,597,836,731,symbol
mock/200003076_00106_1-0_1722.jpg,382,246,515,382,symbol
mock/200003076_00106_1-0_1722.jpg,237,217,356,354,symbol
mock/200003076_00106_1-0_1722.jpg,723,98,816,239,symbol
mock/200003076_00106_1-0_1722.jpg,902,782,994,931,symbol
mock/200003076_00106_1-0_1722.jpg,897,382,1007,550,symbol
mock/200003076_00106_1-663_0.jpg,32,542,160,608,symbol
mock/200003076_00106_1-663_0.jpg,62,811,126,888,symbol
mock/200003076_00106_1-663_0.jpg,216,707,304,789,symbol
mock/200003076_00106_1-663_0.jpg,227,615,284,704,symbol
mock/200003076_00106_1-663_0.jpg,773,864,836,957,symbol
mock/200003076_00106_1-663_0.jpg,386,909,466,1005,symbol
mock/200003076_00106_1-663_0.jpg,202,524,297,622,symbol
mock/200003076_00106_1-663_0.jpg,369,800,483,902,symbol
mock/200003076_00106_1-663_0.jpg,557,694,671,797,symbol
mock/200003076_00106_1-663_0.jpg,82,882,126,991,symbol
mock/200003076_00106_1-663_0.jpg,380,529,492,647,symbol
mock/200003076_00106_1-663_0.jpg,383,670,476,795,symbol
mock/200003076_00106_1-663_0.jpg,211,806,328,931,symbol
mock/200003076_00106_1-663_0.jpg,759,697,862,838,symbol
mock/200003076_00106_1-663_0.jpg,788,520,826,666,symbol
mock/200003076_00106_1-663_0.jpg,572,538,667,688,symbol
mock/200003076_00106_1-663_0.jpg,561,796,669,972,symbol
mock/200003076_00106_1-663_0.jpg,74,616,92,803,symbol
mock/200003076_00106_1-663_1722.jpg,584,701,690,764,symbol
mock/200003076_00106_1-663_1722.jpg,89,751,158,816,symbol
mock/200003076_00106_1-663_1722.jpg,380,13,499,78,symbol
mock/200003076_00106_1-663_1722.jpg,559,524,684,593,symbol
mock/200003076_00106_1-663_1722.jpg,427,858,476,930,symbol
mock/200003076_00106_1-663_1722.jpg,244,581,348,658,symbol
mock/200003076_00106_1-663_1722.jpg,105,931,149,1020,symbol
mock/200003076_00106_1-663_1722.jpg,561,36,678,125,symbol
mock/200003076_00106_1-663_1722.jpg,979,472,1022,564,symbol
mock/200003076_00106_1-663_1722.jpg,231,676,353,769,symbol
mock/200003076_00106_1-663_1722.jpg,593,408,672,502,symbol
mock/200003076_00106_1-663_1722.jpg,768,830,845,925,symbol
mock/200003076_00106_1-663_1722.jpg,596,136,647,232,symbol
mock/200003076_00106_1-663_1722.jpg,424,422,478,519,symbol
mock/200003076_00106_1-663_1722.jpg,235,5,337,102,symbol
mock/200003076_00106_1-663_1722.jpg,77,240,152,340,symbol
mock/200003076_00106_1-663_1722.jpg,336,782,507,884,symbol
mock/200003076_00106_1-663_1722.jpg,68,831,172,938,symbol
mock/200003076_00106_1-663_1722.jpg,390,664,486,772,symbol
mock/200003076_00106_1-663_1722.jpg,60,360,162,469,symbol
mock/200003076_00106_1-663_1722.jpg,228,256,340,365,symbol
mock/200003076_00106_1-663_1722.jpg,412,534,494,655,symbol
mock/200003076_00106_1-663_1722.jpg,744,700,861,821,symbol
mock/200003076_00106_1-663_1722.jpg,225,106,353,230,symbol
mock/200003076_00106_1-663_1722.jpg,66,480,184,606,symbol
mock/200003076_00106_1-663_1722.jpg,754,413,860,546,symbol
mock/200003076_00106_1-663_1722.jpg,586,773,659,907,symbol
mock/200003076_00106_1-663_1722.jpg,71,597,173,731,symbol
mock/200003076_00106_1-663_1722.jpg,716,101,888,236,symbol
mock/200003076_00106_1-663_1722.jpg,60,98,153,239,symbol
mock/200003076_00106_1-663_1722.jpg,598,549,666,697,symbol
mock/200003076_00106_1-663_1722.jpg,239,782,331,931,symbol
mock/200003076_00106_1-663_1722.jpg,623,233,648,393,symbol
mock/200003076_00106_1-663_1722.jpg,744,251,851,413,symbol
mock/200003076_00106_1-663_1722.jpg,399,248,507,410,symbol
mock/200003076_00106_1-663_1722.jpg,748,532,845,698,symbol
mock/200003076_00106_1-663_1722.jpg,234,382,344,550,symbol
mock/200003076_00106_1-663_1722.jpg,399,44,469,216,symbol
mock/200003076_00106_1-1326_2296.jpg,311,534,380,593,symbol
mock/200003076_00106_1-1326_2296.jpg,307,310,412,388,symbol
mock/200003076_00106_1-1326_2296.jpg,105,256,182,351,symbol
mock/200003076_00106_1-1326_2296.jpg,300,593,435,695,symbol
mock/200003076_00106_1-1326_2296.jpg,317,101,366,221,symbol
mock/200003076_00106_1-1326_2296.jpg,81,126,198,247,symbol
mock/200003076_00106_1-1326_2296.jpg,299,394,400,519,symbol
mock/200003076_00106_1-1326_2296.jpg,293,207,405,332,symbol
mock/200003076_00106_1-1326_2296.jpg,67,349,208,476,symbol
mock/200003076_00106_1-1326_2296.jpg,91,488,198,684,symbol
mock/200003076_00106_1-0_1148.jpg,227,508,338,546,symbol
mock/200003076_00106_1-0_1148.jpg,720,5,806,54,symbol
mock/200003076_00106_1-0_1148.jpg,729,93,806,149,symbol
mock/200003076_00106_1-0_1148.jpg,715,314,818,370,symbol
mock/200003076_00106_1-0_1148.jpg,875,140,982,208,symbol
mock/200003076_00106_1-0_1148.jpg,917,488,983,562,symbol
mock/200003076_00106_1-0_1148.jpg,528,476,648,553,symbol
mock/200003076_00106_1-0_1148.jpg,345,338,486,417,symbol
mock/200003076_00106_1-0_1148.jpg,599,662,630,744,symbol
mock/200003076_00106_1-0_1148.jpg,76,583,164,667,symbol
mock/200003076_00106_1-0_1148.jpg,537,145,650,233,symbol
mock/200003076_00106_1-0_1148.jpg,378,440,487,530,symbol
mock/200003076_00106_1-0_1148.jpg,67,759,157,852,symbol
mock/200003076_00106_1-0_1148.jpg,84,472,164,566,symbol
mock/200003076_00106_1-0_1148.jpg,723,181,845,276,symbol
mock/200003076_00106_1-0_1148.jpg,898,579,1000,676,symbol
mock/200003076_00106_1-0_1148.jpg,343,208,496,306,symbol
mock/200003076_00106_1-0_1148.jpg,740,814,815,914,symbol
mock/200003076_00106_1-0_1148.jpg,67,866,161,967,symbol
mock/200003076_00106_1-0_1148.jpg,254,366,305,468,symbol
mock/200003076_00106_1-0_1148.jpg,557,356,635,462,symbol
mock/200003076_00106_1-0_1148.jpg,96,655,128,762,symbol
mock/200003076_00106_1-0_1148.jpg,584,757,632,865,symbol
mock/200003076_00106_1-0_1148.jpg,593,37,614,146,symbol
mock/200003076_00106_1-0_1148.jpg,914,202,970,311,symbol
mock/200003076_00106_1-0_1148.jpg,891,830,1003,939,symbol
mock/200003076_00106_1-0_1148.jpg,560,236,638,346,symbol
mock/200003076_00106_1-0_1148.jpg,557,880,655,990,symbol
mock/200003076_00106_1-0_1148.jpg,231,649,350,759,symbol
mock/200003076_00106_1-0_1148.jpg,96,232,140,346,symbol
mock/200003076_00106_1-0_1148.jpg,230,62,323,177,symbol
mock/200003076_00106_1-0_1148.jpg,876,8,976,125,symbol
mock/200003076_00106_1-0_1148.jpg,91,106,147,224,symbol
mock/200003076_00106_1-0_1148.jpg,888,680,1016,804,symbol
mock/200003076_00106_1-0_1148.jpg,404,683,467,808,symbol
mock/200003076_00106_1-0_1148.jpg,394,542,450,668,symbol
mock/200003076_00106_1-0_1148.jpg,551,563,661,691,symbol
mock/200003076_00106_1-0_1148.jpg,233,232,308,364,symbol
mock/200003076_00106_1-0_1148.jpg,75,341,172,473,symbol
mock/200003076_00106_1-0_1148.jpg,715,397,838,529,symbol
mock/200003076_00106_1-0_1148.jpg,377,62,485,197,symbol
mock/200003076_00106_1-0_1148.jpg,382,820,515,956,symbol
mock/200003076_00106_1-0_1148.jpg,898,338,969,475,symbol
mock/200003076_00106_1-0_1148.jpg,237,791,356,928,symbol
mock/200003076_00106_1-0_1148.jpg,723,672,816,813,symbol
mock/200003076_00106_1-0_1148.jpg,702,546,809,691,symbol
mock/200003076_00106_1-1326_574.jpg,478,304,570,334,symbol
mock/200003076_00106_1-1326_574.jpg,506,971,567,1019,symbol
mock/200003076_00106_1-1326_574.jpg,479,483,580,549,symbol
mock/200003076_00106_1-1326_574.jpg,277,916,396,994,symbol
mock/200003076_00106_1-1326_574.jpg,291,332,382,411,symbol
mock/200003076_00106_1-1326_574.jpg,503,377,561,466,symbol
mock/200003076_00106_1-1326_574.jpg,477,631,558,722,symbol
mock/200003076_00106_1-1326_574.jpg,110,290,173,383,symbol
mock/200003076_00106_1-1326_574.jpg,277,674,415,768,symbol
mock/200003076_00106_1-1326_574.jpg,101,686,189,787,symbol
mock/200003076_00106_1-1326_574.jpg,482,739,587,840,symbol
mock/200003076_00106_1-1326_574.jpg,80,562,206,667,symbol
mock/200003076_00106_1-1326_574.jpg,263,89,386,195,symbol
mock/200003076_00106_1-1326_574.jpg,476,852,580,963,symbol
mock/200003076_00106_1-1326_574.jpg,277,533,393,652,symbol
mock/200003076_00106_1-1326_574.jpg,275,403,391,526,symbol
mock/200003076_00106_1-1326_574.jpg,274,788,376,915,symbol
mock/200003076_00106_1-1326_574.jpg,525,526,545,663,symbol
mock/200003076_00106_1-1326_574.jpg,101,788,172,927,symbol
mock/200003076_00106_1-1326_574.jpg,96,123,199,264,symbol
mock/200003076_00106_1-1326_574.jpg,290,170,408,315,symbol
mock/200003076_00106_1-1326_574.jpg,105,384,170,538,symbol
mock/200021644_00009_1-0_1028.jpg,530,571,620,624,symbol
mock/200021644_00009_1-0_1028.jpg,881,333,913,398,symbol
mock/200021644_00009_1-0_1028.jpg,539,215,595,281,symbol
mock/200021644_00009_1-0_1028.jpg,884,717,904,786,symbol
mock/200021644_00009_1-0_1028.jpg,695,470,753,541,symbol
mock/200021644_00009_1-0_1028.jpg,863,20,922,93,symbol
mock/200021644_00009_1-0_1028.jpg,730,81,745,158,symbol
mock/200021644_00009_1-0_1028.jpg,524,492,609,570,symbol
mock/200021644_00009_1-0_1028.jpg,867,252,921,333,symbol
mock/200021644_00009_1-0_1028.jpg,700,646,761,728,symbol
mock/200021644_00009_1-0_1028.jpg,709,264,737,347,symbol
mock/200021644_00009_1-0_1028.jpg,695,556,771,639,symbol
mock/200021644_00009_1-0_1028.jpg,857,869,945,953,symbol
mock/200021644_00009_1-0_1028.jpg,886,786,908,873,symbol
mock/200021644_00009_1-0_1028.jpg,876,411,922,498,symbol
mock/200021644_00009_1-0_1028.jpg,373,26,448,117,symbol
mock/200021644_00009_1-0_1028.jpg,858,513,936,604,symbol
mock/200021644_00009_1-0_1028.jpg,545,399,590,492,symbol
mock/200021644_00009_1-0_1028.jpg,860,616,940,710,symbol
mock/200021644_00009_1-0_1028.jpg,698,366,773,461,symbol
mock/200021644_00009_1-0_1028.jpg,530,298,615,396,symbol
mock/200021644_00009_1-0_1028.jpg,689,855,775,956,symbol
mock/200021644_00009_1-0_1028.jpg,563,107,578,211,symbol
mock/200021644_00009_1-0_1028.jpg,705,740,756,845,symbol
mock/200021644_00009_1-0_1028.jpg,718,140,731,251,symbol
mock/200021644_00009_1-0_1028.jpg,361,857,456,969,symbol
mock/200021644_00009_1-0_1028.jpg,355,732,462,844,symbol
mock/200021644_00009_1-0_1028.jpg,350,603,460,719,symbol
mock/200021644_00009_1-0_1028.jpg,361,135,468,255,symbol
mock/200021644_00009_1-0_1028.jpg,858,102,940,236,symbol
mock/200021644_00009_1-0_1028.jpg,567,625,583,788,symbol
mock/200021644_00009_1-0_514.jpg,697,453,756,488,symbol
mock/200021644_00009_1-0_514.jpg,536,50,612,113,symbol
mock/200021644_00009_1-0_514.jpg,881,847,913,912,symbol
mock/200021644_00009_1-0_514.jpg,539,729,595,795,symbol
mock/200021644_00009_1-0_514.jpg,714,274,743,346,symbol
mock/200021644_00009_1-0_514.jpg,863,534,922,607,symbol
mock/200021644_00009_1-0_514.jpg,892,259,912,335,symbol
mock/200021644_00009_1-0_514.jpg,730,595,745,672,symbol
mock/200021644_00009_1-0_514.jpg,867,45,946,124,symbol
mock/200021644_00009_1-0_514.jpg,867,766,921,847,symbol
mock/200021644_00009_1-0_514.jpg,709,778,737,861,symbol
mock/200021644_00009_1-0_514.jpg,861,346,940,429,symbol
mock/200021644_00009_1-0_514.jpg,876,925,922,1012,symbol
mock/200021644_00009_1-0_514.jpg,684,353,775,441,symbol
mock/200021644_00009_1-0_514.jpg,693,182,763,273,symbol
mock/200021644_00009_1-0_514.jpg,373,540,448,631,symbol
mock/200021644_00009_1-0_514.jpg,545,913,590,1006,symbol
mock/200021644_00009_1-0_514.jpg,698,880,773,975,symbol
mock/200021644_00009_1-0_514.jpg,357,288,460,385,symbol
mock/200021644_00009_1-0_514.jpg,530,812,615,910,symbol
mock/200021644_00009_1-0_514.jpg,543,247,611,346,symbol
mock/200021644_00009_1-0_514.jpg,367,168,466,267,symbol
mock/200021644_00009_1-0_514.jpg,687,492,767,595,symbol
mock/200021644_00009_1-0_514.jpg,563,621,578,725,symbol
mock/200021644_00009_1-0_514.jpg,365,414,451,519,symbol
mock/200021644_00009_1-0_514.jpg,866,423,943,529,symbol
mock/200021644_00009_1-0_514.jpg,718,654,731,765,symbol
mock/200021644_00009_1-0_514.jpg,553,362,587,474,symbol
mock/200021644_00009_1-0_514.jpg,534,131,613,246,symbol
mock/200021644_00009_1-0_514.jpg,877,139,935,259,symbol
mock/200021644_00009_1-0_514.jpg,361,649,468,769,symbol
mock/200021644_00009_1-0_514.jpg,534,483,610,614,symbol
mock/200021644_00009_1-0_514.jpg,858,616,940,750,symbol
mock/200021644_00009_1-0_514.jpg,693,33,775,168,symbol
mock/200021644_00009_1-0_2056.jpg,863,87,944,138,symbol
mock/200021644_00009_1-0_2056.jpg,861,379,934,441,symbol
mock/200021644_00009_1-0_2056.jpg,714,700,746,772,symbol
mock/200021644_00009_1-0_2056.jpg,868,690,923,767,symbol
mock/200021644_00009_1-0_2056.jpg,716,250,753,329,symbol
mock/200021644_00009_1-0_2056.jpg,847,16,945,95,symbol
mock/200021644_00009_1-0_2056.jpg,701,34,775,117,symbol
mock/200021644_00009_1-0_2056.jpg,744,630,754,714,symbol
mock/200021644_00009_1-0_2056.jpg,696,541,775,635,symbol
mock/200021644_00009_1-0_2056.jpg,357,65,468,159,symbol
mock/200021644_00009_1-0_2056.jpg,721,445,751,541,symbol
mock/200021644_00009_1-0_2056.jpg,369,169,460,265,symbol
mock/200021644_00009_1-0_2056.jpg,852,266,945,367,symbol
mock/200021644_00009_1-0_2056.jpg,865,587,923,689,symbol
mock/200021644_00009_1-0_2056.jpg,844,148,934,250,symbol
mock/200021644_00009_1-0_2056.jpg,850,464,942,577,symbol
mock/200021644_00009_1-0_2056.jpg,692,120,772,234,symbol
mock/200021644_00009_1-0_2056.jpg,701,329,767,445,symbol
mock/200021644_00009_1-0_2056.jpg,362,282,466,411,symbol
mock/200021644_00009_1-0_1542.jpg,863,601,944,652,symbol
mock/200021644_00009_1-0_1542.jpg,530,57,620,110,symbol
mock/200021644_00009_1-0_1542.jpg,861,893,934,955,symbol
mock/200021644_00009_1-0_1542.jpg,884,203,904,272,symbol
mock/200021644_00009_1-0_1542.jpg,716,764,753,843,symbol
mock/200021644_00009_1-0_1542.jpg,847,530,945,609,symbol
mock/200021644_00009_1-0_1542.jpg,700,132,761,214,symbol
mock/200021644_00009_1-0_1542.jpg,701,548,775,631,symbol
mock/200021644_00009_1-0_1542.jpg,695,42,771,125,symbol
mock/200021644_00009_1-0_1542.jpg,857,355,945,439,symbol
mock/200021644_00009_1-0_1542.jpg,709,447,754,533,symbol
mock/200021644_00009_1-0_1542.jpg,886,272,908,359,symbol
mock/200021644_00009_1-0_1542.jpg,875,443,915,530,symbol
mock/200021644_00009_1-0_1542.jpg,860,102,940,196,symbol
mock/200021644_00009_1-0_1542.jpg,357,579,468,673,symbol
mock/200021644_00009_1-0_1542.jpg,369,683,460,779,symbol
mock/200021644_00009_1-0_1542.jpg,689,341,775,442,symbol
mock/200021644_00009_1-0_1542.jpg,370,471,457,572,symbol
mock/200021644_00009_1-0_1542.jpg,852,780,945,881,symbol
mock/200021644_00009_1-0_1542.jpg,844,662,934,764,symbol
mock/200021644_00009_1-0_1542.jpg,705,226,756,331,symbol
mock/200021644_00009_1-0_1542.jpg,361,343,456,455,symbol
mock/200021644_00009_1-0_1542.jpg,355,218,462,330,symbol
mock/200021644_00009_1-0_1542.jpg,692,634,772,748,symbol
mock/200021644_00009_1-0_1542.jpg,701,843,767,959,symbol
mock/200021644_00009_1-0_1542.jpg,350,89,460,205,symbol
mock/200021644_00009_1-0_1542.jpg,362,796,466,925,symbol
mock/200021644_00009_1-0_1542.jpg,567,111,583,274,symbol
mock/200021644_00009_1-915_1028.jpg,450,895,500,923,symbol
mock/200021644_00009_1-915_1028.jpg,278,335,333,369,symbol
mock/200021644_00009_1-915_1028.jpg,441,712,498,769,symbol
mock/200021644_00009_1-915_1028.jpg,759,75,817,133,symbol
mock/200021644_00009_1-915_1028.jpg,431,206,501,267,symbol
mock/200021644_00009_1-915_1028.jpg,269,947,343,1013,symbol
mock/200021644_00009_1-915_1028.jpg,779,861,811,929,symbol
mock/200021644_00009_1-915_1028.jpg,436,496,510,565,symbol
mock/200021644_00009_1-915_1028.jpg,283,663,322,734,symbol
mock/200021644_00009_1-915_1028.jpg,290,591,309,663,symbol
mock/200021644_00009_1-915_1028.jpg,289,246,321,319,symbol
mock/200021644_00009_1-915_1028.jpg,621,176,643,251,symbol
mock/200021644_00009_1-915_1028.jpg,122,526,168,603,symbol
mock/200021644_00009_1-915_1028.jpg,594,808,655,885,symbol
mock/200021644_00009_1-915_1028.jpg,761,564,820,642,symbol
mock/200021644_00009_1-915_1028.jpg,100,603,169,684,symbol
mock/200021644_00009_1-915_1028.jpg,108,797,188,878,symbol
mock/200021644_00009_1-915_1028.jpg,777,355,811,437,symbol
mock/200021644_00009_1-915_1028.jpg,762,775,828,861,symbol
mock/200021644_00009_1-915_1028.jpg,128,297,153,384,symbol
mock/200021644_00009_1-915_1028.jpg,438,388,511,475,symbol
mock/200021644_00009_1-915_1028.jpg,741,261,836,348,symbol
mock/200021644_00009_1-915_1028.jpg,592,899,671,989,symbol
mock/200021644_00009_1-915_1028.jpg,425,783,503,874,symbol
mock/200021644_00009_1-915_1028.jpg,258,490,345,586,symbol
mock/200021644_00009_1-915_1028.jpg,264,749,353,846,symbol
mock/200021644_00009_1-915_1028.jpg,279,846,340,944,symbol
mock/200021644_00009_1-915_1028.jpg,617,492,641,593,symbol
mock/200021644_00009_1-915_1028.jpg,596,604,664,708,symbol
mock/200021644_00009_1-915_1028.jpg,753,452,832,556,symbol
mock/200021644_00009_1-915_1028.jpg,742,148,832,252,symbol
mock/200021644_00009_1-915_1028.jpg,434,281,502,388,symbol
mock/200021644_00009_1-915_1028.jpg,622,382,639,492,symbol
mock/200021644_00009_1-915_1028.jpg,616,708,644,819,symbol
mock/200021644_00009_1-915_1028.jpg,582,267,670,378,symbol
mock/200021644_00009_1-915_1028.jpg,743,650,836,765,symbol
mock/200021644_00009_1-915_1028.jpg,125,384,158,501,symbol
mock/200021644_00009_1-915_1028.jpg,102,168,180,286,symbol
mock/200021644_00009_1-915_1028.jpg,265,369,348,487,symbol
mock/200021644_00009_1-915_1028.jpg,428,577,521,698,symbol
mock/200021644_00009_1-915_1028.jpg,100,53,182,175,symbol
mock/200021644_00009_1-915_1028.jpg,92,870,198,994,symbol
mock/200021644_00009_1-915_1028.jpg,590,49,665,176,symbol
mock/200021644_00009_1-915_1028.jpg,264,99,346,229,symbol
mock/200021644_00009_1-915_1028.jpg,424,61,510,193,symbol
mock/200021644_00009_1-915_1028.jpg,134,637,187,804,symbol
